model,score_test,accuracy,balanced_accuracy,precision_macro,recall_macro,roc_auc_ovo,score_val,eval_metric,pred_time_test,pred_time_val,fit_time,pred_time_test_marginal,pred_time_val_marginal,fit_time_marginal,stack_level,can_infer,fit_order,num_features,num_models,num_models_w_ancestors,memory_size,memory_size_w_ancestors,memory_size_min,memory_size_min_w_ancestors,num_ancestors,num_descendants,model_type,child_model_type,stopping_metric,hyperparameters,hyperparameters_fit,ag_args_fit,features,compile_time,child_hyperparameters,child_hyperparameters_fit,child_ag_args_fit,ancestors,descendants
WeightedEnsemble_L3,0.5864829093148322,0.6994437086092715,0.5819533610983928,0.5953196624756316,0.5819533610983928,0.7814799791830573,0.5800003109111113,f1_macro,19.44920039176941,46.75467896461487,2007.5523438453674,0.00714421272277832,0.007277011871337891,4.407082796096802,3,True,30,39,1,125,11523,3560049415,11523,792084509,19,0,WeightedEnsembleModel,GreedyWeightedEnsembleModel,f1_macro,"{'use_orig_features': False, 'valid_stacker': True, 'max_base_models': 0, 'max_base_models_per_type': 'auto', 'save_bag_folds': True, 'stratify': 'auto', 'bin': 'auto', 'n_bins': None, 'vary_seed_across_folds': False, 'model_random_seed': 0}",{},"{'max_memory_usage_ratio': 1.0, 'max_time_limit_ratio': 1.0, 'max_time_limit': None, 'min_time_limit': 0, 'valid_raw_types': None, 'valid_special_types': None, 'ignored_type_group_special': None, 'ignored_type_group_raw': None, 'get_features_kwargs': None, 'get_features_kwargs_extra': None, 'predict_1_batch_size': None, 'temperature_scalar': None, 'drop_unique': False}","['LightGBMLarge_BAG_L2_0', 'NeuralNetFastAI_r191_BAG_L2_2', 'NeuralNetFastAI_BAG_L1_0', 'NeuralNetFastAI_BAG_L1_1', 'CatBoost_BAG_L1_2', 'NeuralNetTorch_BAG_L2_2', 'LightGBM_r131_BAG_L2_2', 'CatBoost_r177_BAG_L2_1', 'LightGBM_BAG_L1_0', 'XGBoost_BAG_L1_1', 'NeuralNetFastAI_r191_BAG_L2_0', 'LightGBM_r131_BAG_L2_1', 'XGBoost_BAG_L2_0', 'LightGBM_BAG_L1_1', 'LightGBMLarge_BAG_L1_2', 'XGBoost_BAG_L2_2', 'XGBoost_BAG_L1_2', 'LightGBMLarge_BAG_L1_1', 'NeuralNetTorch_r79_BAG_L1_2', 'LightGBMLarge_BAG_L2_2', 'ExtraTreesEntr_BAG_L1_1', 'NeuralNetTorch_BAG_L2_0', 'CatBoost_r177_BAG_L2_0', 'NeuralNetTorch_r79_BAG_L1_1', 'NeuralNetTorch_r79_BAG_L1_0', 'CatBoost_BAG_L1_0', 'ExtraTreesEntr_BAG_L1_2', 'LightGBMLarge_BAG_L2_1', 'LightGBMLarge_BAG_L1_0', 'LightGBM_r131_BAG_L2_0', 'XGBoost_BAG_L1_0', 'CatBoost_BAG_L1_1', 'XGBoost_BAG_L2_1', 'CatBoost_r177_BAG_L2_2', 'NeuralNetFastAI_r191_BAG_L2_1', 'NeuralNetTorch_BAG_L2_1', 'ExtraTreesEntr_BAG_L1_0', 'NeuralNetFastAI_BAG_L1_2', 'LightGBM_BAG_L1_2']",,"{'ensemble_size': 25, 'subsample_size': 1000000}",{'ensemble_size': 25},"{'max_memory_usage_ratio': 1.0, 'max_time_limit_ratio': 1.0, 'max_time_limit': None, 'min_time_limit': 0, 'valid_raw_types': None, 'valid_special_types': None, 'ignored_type_group_special': None, 'ignored_type_group_raw': None, 'get_features_kwargs': None, 'get_features_kwargs_extra': None, 'predict_1_batch_size': None, 'temperature_scalar': None, 'drop_unique': False}","['CatBoost_BAG_L1', 'LightGBMXT_BAG_L1', 'RandomForestGini_BAG_L1', 'NeuralNetFastAI_BAG_L1', 'RandomForestEntr_BAG_L1', 'LightGBM_BAG_L1', 'CatBoost_r177_BAG_L2', 'NeuralNetTorch_BAG_L1', 'XGBoost_BAG_L2', 'ExtraTreesGini_BAG_L1', 'CatBoost_r177_BAG_L1', 'NeuralNetFastAI_r191_BAG_L2', 'LightGBM_r131_BAG_L2', 'ExtraTreesEntr_BAG_L1', 'NeuralNetTorch_BAG_L2', 'XGBoost_BAG_L1', 'NeuralNetTorch_r79_BAG_L1', 'LightGBMLarge_BAG_L1', 'LightGBMLarge_BAG_L2']",[]
WeightedEnsemble_L2,0.5856614240496456,0.6982781456953643,0.5813621947983404,0.5943612200037628,0.5813621947983404,0.7806203943448699,0.5793209724126314,f1_macro,12.03524398803711,30.97843909263611,1568.7368276119232,0.005335092544555664,0.007482767105102539,2.0050692558288574,2,True,14,24,1,65,7089,281353915,7089,25481002,8,0,WeightedEnsembleModel,GreedyWeightedEnsembleModel,f1_macro,"{'use_orig_features': False, 'valid_stacker': True, 'max_base_models': 0, 'max_base_models_per_type': 'auto', 'save_bag_folds': True, 'stratify': 'auto', 'bin': 'auto', 'n_bins': None, 'vary_seed_across_folds': False, 'model_random_seed': 0}",{},"{'max_memory_usage_ratio': 1.0, 'max_time_limit_ratio': 1.0, 'max_time_limit': None, 'min_time_limit': 0, 'valid_raw_types': None, 'valid_special_types': None, 'ignored_type_group_special': None, 'ignored_type_group_raw': None, 'get_features_kwargs': None, 'get_features_kwargs_extra': None, 'predict_1_batch_size': None, 'temperature_scalar': None, 'drop_unique': False}","['NeuralNetFastAI_BAG_L1_0', 'CatBoost_r177_BAG_L1_2', 'NeuralNetFastAI_BAG_L1_1', 'CatBoost_BAG_L1_2', 'CatBoost_r177_BAG_L1_0', 'LightGBMXT_BAG_L1_0', 'LightGBM_BAG_L1_0', 'XGBoost_BAG_L1_1', 'LightGBM_BAG_L1_1', 'LightGBMLarge_BAG_L1_2', 'CatBoost_r177_BAG_L1_1', 'XGBoost_BAG_L1_2', 'LightGBMLarge_BAG_L1_1', 'NeuralNetTorch_r79_BAG_L1_2', 'LightGBMXT_BAG_L1_2', 'LightGBMXT_BAG_L1_1', 'NeuralNetTorch_r79_BAG_L1_1', 'CatBoost_BAG_L1_0', 'NeuralNetTorch_r79_BAG_L1_0', 'LightGBMLarge_BAG_L1_0', 'XGBoost_BAG_L1_0', 'CatBoost_BAG_L1_1', 'NeuralNetFastAI_BAG_L1_2', 'LightGBM_BAG_L1_2']",,"{'ensemble_size': 25, 'subsample_size': 1000000}",{'ensemble_size': 25},"{'max_memory_usage_ratio': 1.0, 'max_time_limit_ratio': 1.0, 'max_time_limit': None, 'min_time_limit': 0, 'valid_raw_types': None, 'valid_special_types': None, 'ignored_type_group_special': None, 'ignored_type_group_raw': None, 'get_features_kwargs': None, 'get_features_kwargs_extra': None, 'predict_1_batch_size': None, 'temperature_scalar': None, 'drop_unique': False}","['CatBoost_BAG_L1', 'LightGBMXT_BAG_L1', 'XGBoost_BAG_L1', 'NeuralNetFastAI_BAG_L1', 'CatBoost_r177_BAG_L1', 'LightGBM_BAG_L1', 'NeuralNetTorch_r79_BAG_L1', 'LightGBMLarge_BAG_L1']",[]
LightGBMLarge_BAG_L2,0.5808052259429228,0.6786754966887417,0.5891677265035123,0.5824735766984748,0.5891677265035123,0.7808120821953178,0.5723342949823166,f1_macro,16.038106203079224,43.58060908317566,1770.4778983592987,1.324157953262329,3.652689218521118,24.637591123580933,2,True,25,68,8,84,62754366,3515330346,17018119,792084509,13,1,StackerEnsembleModel,LGBModel,f1_macro,"{'use_orig_features': True, 'valid_stacker': True, 'max_base_models': 0, 'max_base_models_per_type': 'auto', 'save_bag_folds': True, 'stratify': 'auto', 'bin': 'auto', 'n_bins': None, 'vary_seed_across_folds': False, 'model_random_seed': 0}",{},"{'max_memory_usage_ratio': 1.0, 'max_time_limit_ratio': 1.0, 'max_time_limit': None, 'min_time_limit': 0, 'valid_raw_types': None, 'valid_special_types': None, 'ignored_type_group_special': None, 'ignored_type_group_raw': None, 'get_features_kwargs': None, 'get_features_kwargs_extra': None, 'predict_1_batch_size': None, 'temperature_scalar': None, 'drop_unique': False}","['NeuralNetFastAI_BAG_L1_0', 'diag_2_category', 'CatBoost_r177_BAG_L1_2', 'NeuralNetFastAI_BAG_L1_1', 'ExtraTreesGini_BAG_L1_1', 'CatBoost_BAG_L1_2', 'NeuralNetTorch_BAG_L1_1', 'admission_type_id', 'RandomForestEntr_BAG_L1_1', 'NeuralNetTorch_BAG_L1_2', 'CatBoost_r177_BAG_L1_0', 'change', 'LightGBMXT_BAG_L1_0', 'med_per_day', 'number_inpatient', 'medical_specialty', 'max_glu_serum', 'LightGBM_BAG_L1_0', 'number_emergency', 'diag_3_category', 'RandomForestEntr_BAG_L1_2', 'XGBoost_BAG_L1_1', 'num_medications', 'discharge_disposition_id', 'num_steady_meds', 'num_active_meds', 'number_diagnoses', 'LightGBM_BAG_L1_1', 'number_outpatient', 'inpatient_plus_time', 'admission_source_id', 'NeuralNetTorch_BAG_L1_0', 'LightGBMLarge_BAG_L1_2', 'CatBoost_r177_BAG_L1_1', 'XGBoost_BAG_L1_2', 'RandomForestGini_BAG_L1_0', 'ExtraTreesGini_BAG_L1_2', 'LightGBMLarge_BAG_L1_1', 'ExtraTreesEntr_BAG_L1_1', 'NeuralNetTorch_r79_BAG_L1_2', 'diabetesMed', 'LightGBMXT_BAG_L1_2', 'num_lab_procedures', 'RandomForestGini_BAG_L1_2', 'LightGBMXT_BAG_L1_1', 'num_prior_encounters', 'NeuralNetTorch_r79_BAG_L1_1', 'age', 'total_visits', 'CatBoost_BAG_L1_0', 'ExtraTreesEntr_BAG_L1_0', 'ExtraTreesEntr_BAG_L1_2', 'NeuralNetTorch_r79_BAG_L1_0', 'race', 'A1Cresult', 'RandomForestEntr_BAG_L1_0', 'LightGBMLarge_BAG_L1_0', 'XGBoost_BAG_L1_0', 'CatBoost_BAG_L1_1', 'gender', 'time_in_hospital', 'insulin', 'ExtraTreesGini_BAG_L1_0', 'num_procedures', 'RandomForestGini_BAG_L1_1', 'diag_1_category', 'NeuralNetFastAI_BAG_L1_2', 'LightGBM_BAG_L1_2']",,"{'learning_rate': 0.03, 'num_leaves': 128, 'feature_fraction': 0.9, 'min_data_in_leaf': 3, 'seed': 0}",{'num_boost_round': 190},"{'max_memory_usage_ratio': 1.0, 'max_time_limit_ratio': 1.0, 'max_time_limit': None, 'min_time_limit': 0, 'valid_raw_types': ['bool', 'int', 'float', 'category'], 'valid_special_types': None, 'ignored_type_group_special': None, 'ignored_type_group_raw': None, 'get_features_kwargs': None, 'get_features_kwargs_extra': None, 'predict_1_batch_size': None, 'temperature_scalar': None}","['CatBoost_BAG_L1', 'LightGBMXT_BAG_L1', 'RandomForestGini_BAG_L1', 'ExtraTreesGini_BAG_L1', 'XGBoost_BAG_L1', 'NeuralNetFastAI_BAG_L1', 'ExtraTreesEntr_BAG_L1', 'RandomForestEntr_BAG_L1', 'CatBoost_r177_BAG_L1', 'LightGBM_BAG_L1', 'NeuralNetTorch_r79_BAG_L1', 'LightGBMLarge_BAG_L1', 'NeuralNetTorch_BAG_L1']",['WeightedEnsemble_L3']
LightGBMLarge_BAG_L1,0.5764307714524494,0.678251655629139,0.5825533188649898,0.5786660974060611,0.5825533188649898,0.7782247311063822,0.5696042966543636,f1_macro,2.2524027824401855,6.681550025939941,16.936938285827637,2.2524027824401855,6.681550025939941,16.936938285827637,1,True,11,29,8,8,105334229,105334229,25481002,25481002,0,17,StackerEnsembleModel,LGBModel,f1_macro,"{'use_orig_features': True, 'valid_stacker': True, 'max_base_models': 0, 'max_base_models_per_type': 'auto', 'save_bag_folds': True, 'stratify': 'auto', 'bin': 'auto', 'n_bins': None, 'vary_seed_across_folds': False, 'model_random_seed': 0}",{},"{'max_memory_usage_ratio': 1.0, 'max_time_limit_ratio': 1.0, 'max_time_limit': None, 'min_time_limit': 0, 'valid_raw_types': None, 'valid_special_types': None, 'ignored_type_group_special': None, 'ignored_type_group_raw': None, 'get_features_kwargs': None, 'get_features_kwargs_extra': None, 'predict_1_batch_size': None, 'temperature_scalar': None, 'drop_unique': False}","['admission_type_id', 'max_glu_serum', 'diag_2_category', 'med_per_day', 'change', 'number_inpatient', 'number_emergency', 'diag_3_category', 'num_medications', 'discharge_disposition_id', 'num_steady_meds', 'num_active_meds', 'number_diagnoses', 'number_outpatient', 'inpatient_plus_time', 'admission_source_id', 'race', 'diabetesMed', 'medical_specialty', 'total_visits', 'num_lab_procedures', 'insulin', 'num_prior_encounters', 'age', 'A1Cresult', 'gender', 'time_in_hospital', 'num_procedures', 'diag_1_category']",,"{'learning_rate': 0.03, 'num_leaves': 128, 'feature_fraction': 0.9, 'min_data_in_leaf': 3, 'seed': 0}",{'num_boost_round': 324},"{'max_memory_usage_ratio': 1.0, 'max_time_limit_ratio': 1.0, 'max_time_limit': None, 'min_time_limit': 0, 'valid_raw_types': ['bool', 'int', 'float', 'category'], 'valid_special_types': None, 'ignored_type_group_special': None, 'ignored_type_group_raw': None, 'get_features_kwargs': None, 'get_features_kwargs_extra': None, 'predict_1_batch_size': None, 'temperature_scalar': None}",[],"['WeightedEnsemble_L3', 'ExtraTreesGini_BAG_L2', 'RandomForestGini_BAG_L2', 'LightGBMXT_BAG_L2', 'WeightedEnsemble_L2', 'LightGBM_BAG_L2', 'CatBoost_BAG_L2', 'XGBoost_BAG_L2', 'LightGBMLarge_BAG_L2', 'LightGBM_r131_BAG_L2', 'NeuralNetTorch_BAG_L2', 'CatBoost_r177_BAG_L2', 'NeuralNetTorch_r79_BAG_L2', 'NeuralNetFastAI_BAG_L2', 'ExtraTreesEntr_BAG_L2', 'RandomForestEntr_BAG_L2', 'NeuralNetFastAI_r191_BAG_L2']"
LightGBM_BAG_L2,0.5718041715371558,0.6647947019867549,0.5911257703113457,0.5766076309107532,0.5911257703113457,0.7816837510995812,0.5609389232534566,f1_macro,15.412628173828125,41.76232933998108,1777.0167653560638,0.6986799240112305,1.834409475326538,31.17645812034607,2,True,17,68,8,84,17305397,3469881377,10665763,792084509,13,0,StackerEnsembleModel,LGBModel,f1_macro,"{'use_orig_features': True, 'valid_stacker': True, 'max_base_models': 0, 'max_base_models_per_type': 'auto', 'save_bag_folds': True, 'stratify': 'auto', 'bin': 'auto', 'n_bins': None, 'vary_seed_across_folds': False, 'model_random_seed': 0}",{},"{'max_memory_usage_ratio': 1.0, 'max_time_limit_ratio': 1.0, 'max_time_limit': None, 'min_time_limit': 0, 'valid_raw_types': None, 'valid_special_types': None, 'ignored_type_group_special': None, 'ignored_type_group_raw': None, 'get_features_kwargs': None, 'get_features_kwargs_extra': None, 'predict_1_batch_size': None, 'temperature_scalar': None, 'drop_unique': False}","['NeuralNetFastAI_BAG_L1_0', 'diag_2_category', 'CatBoost_r177_BAG_L1_2', 'NeuralNetFastAI_BAG_L1_1', 'ExtraTreesGini_BAG_L1_1', 'CatBoost_BAG_L1_2', 'NeuralNetTorch_BAG_L1_1', 'admission_type_id', 'RandomForestEntr_BAG_L1_1', 'NeuralNetTorch_BAG_L1_2', 'CatBoost_r177_BAG_L1_0', 'change', 'LightGBMXT_BAG_L1_0', 'med_per_day', 'number_inpatient', 'medical_specialty', 'max_glu_serum', 'LightGBM_BAG_L1_0', 'number_emergency', 'diag_3_category', 'RandomForestEntr_BAG_L1_2', 'XGBoost_BAG_L1_1', 'num_medications', 'discharge_disposition_id', 'num_steady_meds', 'num_active_meds', 'number_diagnoses', 'LightGBM_BAG_L1_1', 'number_outpatient', 'inpatient_plus_time', 'admission_source_id', 'NeuralNetTorch_BAG_L1_0', 'LightGBMLarge_BAG_L1_2', 'CatBoost_r177_BAG_L1_1', 'XGBoost_BAG_L1_2', 'RandomForestGini_BAG_L1_0', 'ExtraTreesGini_BAG_L1_2', 'LightGBMLarge_BAG_L1_1', 'ExtraTreesEntr_BAG_L1_1', 'NeuralNetTorch_r79_BAG_L1_2', 'diabetesMed', 'LightGBMXT_BAG_L1_2', 'num_lab_procedures', 'RandomForestGini_BAG_L1_2', 'LightGBMXT_BAG_L1_1', 'num_prior_encounters', 'NeuralNetTorch_r79_BAG_L1_1', 'age', 'total_visits', 'CatBoost_BAG_L1_0', 'ExtraTreesEntr_BAG_L1_0', 'ExtraTreesEntr_BAG_L1_2', 'NeuralNetTorch_r79_BAG_L1_0', 'race', 'A1Cresult', 'RandomForestEntr_BAG_L1_0', 'LightGBMLarge_BAG_L1_0', 'XGBoost_BAG_L1_0', 'CatBoost_BAG_L1_1', 'gender', 'time_in_hospital', 'insulin', 'ExtraTreesGini_BAG_L1_0', 'num_procedures', 'RandomForestGini_BAG_L1_1', 'diag_1_category', 'NeuralNetFastAI_BAG_L1_2', 'LightGBM_BAG_L1_2']",,"{'learning_rate': 0.05, 'seed': 0}",{'num_boost_round': 207},"{'max_memory_usage_ratio': 1.0, 'max_time_limit_ratio': 1.0, 'max_time_limit': None, 'min_time_limit': 0, 'valid_raw_types': ['bool', 'int', 'float', 'category'], 'valid_special_types': None, 'ignored_type_group_special': None, 'ignored_type_group_raw': None, 'get_features_kwargs': None, 'get_features_kwargs_extra': None, 'predict_1_batch_size': None, 'temperature_scalar': None}","['CatBoost_BAG_L1', 'LightGBMXT_BAG_L1', 'RandomForestGini_BAG_L1', 'ExtraTreesGini_BAG_L1', 'XGBoost_BAG_L1', 'NeuralNetFastAI_BAG_L1', 'ExtraTreesEntr_BAG_L1', 'RandomForestEntr_BAG_L1', 'CatBoost_r177_BAG_L1', 'LightGBM_BAG_L1', 'NeuralNetTorch_r79_BAG_L1', 'LightGBMLarge_BAG_L1', 'NeuralNetTorch_BAG_L1']",[]
LightGBM_BAG_L1,0.5678748990163615,0.6620397350993378,0.5867479413807185,0.5733512608532928,0.5867479413807185,0.7796337622866997,0.5602682759313438,f1_macro,1.344831943511963,3.7341113090515137,18.92353892326355,1.344831943511963,3.7341113090515137,18.92353892326355,1,True,3,29,8,8,28260768,28260768,10164954,10164954,0,17,StackerEnsembleModel,LGBModel,f1_macro,"{'use_orig_features': True, 'valid_stacker': True, 'max_base_models': 0, 'max_base_models_per_type': 'auto', 'save_bag_folds': True, 'stratify': 'auto', 'bin': 'auto', 'n_bins': None, 'vary_seed_across_folds': False, 'model_random_seed': 0}",{},"{'max_memory_usage_ratio': 1.0, 'max_time_limit_ratio': 1.0, 'max_time_limit': None, 'min_time_limit': 0, 'valid_raw_types': None, 'valid_special_types': None, 'ignored_type_group_special': None, 'ignored_type_group_raw': None, 'get_features_kwargs': None, 'get_features_kwargs_extra': None, 'predict_1_batch_size': None, 'temperature_scalar': None, 'drop_unique': False}","['admission_type_id', 'max_glu_serum', 'diag_2_category', 'med_per_day', 'change', 'number_inpatient', 'number_emergency', 'diag_3_category', 'num_medications', 'discharge_disposition_id', 'num_steady_meds', 'num_active_meds', 'number_diagnoses', 'number_outpatient', 'inpatient_plus_time', 'admission_source_id', 'race', 'diabetesMed', 'medical_specialty', 'total_visits', 'num_lab_procedures', 'insulin', 'num_prior_encounters', 'age', 'A1Cresult', 'gender', 'time_in_hospital', 'num_procedures', 'diag_1_category']",,"{'learning_rate': 0.05, 'seed': 0}",{'num_boost_round': 345},"{'max_memory_usage_ratio': 1.0, 'max_time_limit_ratio': 1.0, 'max_time_limit': None, 'min_time_limit': 0, 'valid_raw_types': ['bool', 'int', 'float', 'category'], 'valid_special_types': None, 'ignored_type_group_special': None, 'ignored_type_group_raw': None, 'get_features_kwargs': None, 'get_features_kwargs_extra': None, 'predict_1_batch_size': None, 'temperature_scalar': None}",[],"['WeightedEnsemble_L3', 'ExtraTreesGini_BAG_L2', 'RandomForestGini_BAG_L2', 'LightGBMXT_BAG_L2', 'WeightedEnsemble_L2', 'LightGBM_BAG_L2', 'CatBoost_BAG_L2', 'XGBoost_BAG_L2', 'LightGBMLarge_BAG_L2', 'LightGBM_r131_BAG_L2', 'NeuralNetTorch_BAG_L2', 'CatBoost_r177_BAG_L2', 'NeuralNetTorch_r79_BAG_L2', 'NeuralNetFastAI_BAG_L2', 'ExtraTreesEntr_BAG_L2', 'RandomForestEntr_BAG_L2', 'NeuralNetFastAI_r191_BAG_L2']"
LightGBMXT_BAG_L1,0.5677091047671169,0.6598675496688742,0.5793014291839262,0.5668803677707644,0.5793014291839262,0.7738874624655153,0.560234811275731,f1_macro,5.626939058303833,17.594017028808594,33.20992588996887,5.626939058303833,17.594017028808594,33.20992588996887,1,True,2,29,8,8,84886610,84886610,17671427,17671427,0,17,StackerEnsembleModel,LGBModel,f1_macro,"{'use_orig_features': True, 'valid_stacker': True, 'max_base_models': 0, 'max_base_models_per_type': 'auto', 'save_bag_folds': True, 'stratify': 'auto', 'bin': 'auto', 'n_bins': None, 'vary_seed_across_folds': False, 'model_random_seed': 0}",{},"{'max_memory_usage_ratio': 1.0, 'max_time_limit_ratio': 1.0, 'max_time_limit': None, 'min_time_limit': 0, 'valid_raw_types': None, 'valid_special_types': None, 'ignored_type_group_special': None, 'ignored_type_group_raw': None, 'get_features_kwargs': None, 'get_features_kwargs_extra': None, 'predict_1_batch_size': None, 'temperature_scalar': None, 'drop_unique': False}","['admission_type_id', 'max_glu_serum', 'diag_2_category', 'med_per_day', 'change', 'number_inpatient', 'number_emergency', 'diag_3_category', 'num_medications', 'discharge_disposition_id', 'num_steady_meds', 'num_active_meds', 'number_diagnoses', 'number_outpatient', 'inpatient_plus_time', 'admission_source_id', 'race', 'diabetesMed', 'medical_specialty', 'total_visits', 'num_lab_procedures', 'insulin', 'num_prior_encounters', 'age', 'A1Cresult', 'gender', 'time_in_hospital', 'num_procedures', 'diag_1_category']",,"{'learning_rate': 0.05, 'extra_trees': True, 'seed': 0}",{'num_boost_round': 1046},"{'max_memory_usage_ratio': 1.0, 'max_time_limit_ratio': 1.0, 'max_time_limit': None, 'min_time_limit': 0, 'valid_raw_types': ['bool', 'int', 'float', 'category'], 'valid_special_types': None, 'ignored_type_group_special': None, 'ignored_type_group_raw': None, 'get_features_kwargs': None, 'get_features_kwargs_extra': None, 'predict_1_batch_size': None, 'temperature_scalar': None}",[],"['WeightedEnsemble_L3', 'ExtraTreesGini_BAG_L2', 'RandomForestGini_BAG_L2', 'LightGBMXT_BAG_L2', 'WeightedEnsemble_L2', 'LightGBM_BAG_L2', 'CatBoost_BAG_L2', 'XGBoost_BAG_L2', 'LightGBMLarge_BAG_L2', 'LightGBM_r131_BAG_L2', 'NeuralNetTorch_BAG_L2', 'CatBoost_r177_BAG_L2', 'NeuralNetTorch_r79_BAG_L2', 'NeuralNetFastAI_BAG_L2', 'ExtraTreesEntr_BAG_L2', 'RandomForestEntr_BAG_L2', 'NeuralNetFastAI_r191_BAG_L2']"
XGBoost_BAG_L1,0.5674780170332541,0.6616158940397351,0.5867875582564789,0.5730651736695228,0.5867875582564789,0.7776784683658121,0.5583231881957196,f1_macro,0.6653931140899658,1.2066290378570557,15.415879011154175,0.6653931140899658,1.2066290378570557,15.415879011154175,1,True,9,29,8,8,24883128,24883128,4892844,4892844,0,17,StackerEnsembleModel,XGBoostModel,f1_macro,"{'use_orig_features': True, 'valid_stacker': True, 'max_base_models': 0, 'max_base_models_per_type': 'auto', 'save_bag_folds': True, 'stratify': 'auto', 'bin': 'auto', 'n_bins': None, 'vary_seed_across_folds': False, 'model_random_seed': 0}",{},"{'max_memory_usage_ratio': 1.0, 'max_time_limit_ratio': 1.0, 'max_time_limit': None, 'min_time_limit': 0, 'valid_raw_types': None, 'valid_special_types': None, 'ignored_type_group_special': None, 'ignored_type_group_raw': None, 'get_features_kwargs': None, 'get_features_kwargs_extra': None, 'predict_1_batch_size': None, 'temperature_scalar': None, 'drop_unique': False}","['admission_type_id', 'max_glu_serum', 'diag_2_category', 'med_per_day', 'change', 'number_inpatient', 'number_emergency', 'diag_3_category', 'num_medications', 'discharge_disposition_id', 'num_steady_meds', 'num_active_meds', 'number_diagnoses', 'number_outpatient', 'inpatient_plus_time', 'admission_source_id', 'race', 'diabetesMed', 'medical_specialty', 'total_visits', 'num_lab_procedures', 'insulin', 'num_prior_encounters', 'age', 'A1Cresult', 'gender', 'time_in_hospital', 'num_procedures', 'diag_1_category']",,"{'n_estimators': 10000, 'learning_rate': 0.1, 'n_jobs': -1, 'proc.max_category_levels': 100, 'objective': 'multi:softprob', 'booster': 'gbtree', 'num_class': 3, 'seed': 0}",{'n_estimators': 211},"{'max_memory_usage_ratio': 1.0, 'max_time_limit_ratio': 1.0, 'max_time_limit': None, 'min_time_limit': 0, 'valid_raw_types': ['bool', 'int', 'float', 'category'], 'valid_special_types': None, 'ignored_type_group_special': None, 'ignored_type_group_raw': None, 'get_features_kwargs': None, 'get_features_kwargs_extra': None, 'predict_1_batch_size': None, 'temperature_scalar': None}",[],"['WeightedEnsemble_L3', 'ExtraTreesGini_BAG_L2', 'RandomForestGini_BAG_L2', 'LightGBMXT_BAG_L2', 'WeightedEnsemble_L2', 'LightGBM_BAG_L2', 'CatBoost_BAG_L2', 'XGBoost_BAG_L2', 'LightGBMLarge_BAG_L2', 'LightGBM_r131_BAG_L2', 'NeuralNetTorch_BAG_L2', 'CatBoost_r177_BAG_L2', 'NeuralNetTorch_r79_BAG_L2', 'NeuralNetFastAI_BAG_L2', 'ExtraTreesEntr_BAG_L2', 'RandomForestEntr_BAG_L2', 'NeuralNetFastAI_r191_BAG_L2']"
XGBoost_BAG_L2,0.5658083587478197,0.656158940397351,0.5937735476354356,0.5745369804005623,0.5937735476354356,0.7821233002664698,0.5583232369408008,f1_macro,15.194570064544678,40.408451080322266,1759.718747138977,0.4806218147277832,0.4805312156677246,13.878439903259277,2,True,23,68,8,84,12080785,3464656765,2744154,792084509,13,1,StackerEnsembleModel,XGBoostModel,f1_macro,"{'use_orig_features': True, 'valid_stacker': True, 'max_base_models': 0, 'max_base_models_per_type': 'auto', 'save_bag_folds': True, 'stratify': 'auto', 'bin': 'auto', 'n_bins': None, 'vary_seed_across_folds': False, 'model_random_seed': 0}",{},"{'max_memory_usage_ratio': 1.0, 'max_time_limit_ratio': 1.0, 'max_time_limit': None, 'min_time_limit': 0, 'valid_raw_types': None, 'valid_special_types': None, 'ignored_type_group_special': None, 'ignored_type_group_raw': None, 'get_features_kwargs': None, 'get_features_kwargs_extra': None, 'predict_1_batch_size': None, 'temperature_scalar': None, 'drop_unique': False}","['NeuralNetFastAI_BAG_L1_0', 'diag_2_category', 'CatBoost_r177_BAG_L1_2', 'NeuralNetFastAI_BAG_L1_1', 'ExtraTreesGini_BAG_L1_1', 'CatBoost_BAG_L1_2', 'NeuralNetTorch_BAG_L1_1', 'admission_type_id', 'RandomForestEntr_BAG_L1_1', 'NeuralNetTorch_BAG_L1_2', 'CatBoost_r177_BAG_L1_0', 'change', 'LightGBMXT_BAG_L1_0', 'med_per_day', 'number_inpatient', 'medical_specialty', 'max_glu_serum', 'LightGBM_BAG_L1_0', 'number_emergency', 'diag_3_category', 'RandomForestEntr_BAG_L1_2', 'XGBoost_BAG_L1_1', 'num_medications', 'discharge_disposition_id', 'num_steady_meds', 'num_active_meds', 'number_diagnoses', 'LightGBM_BAG_L1_1', 'number_outpatient', 'inpatient_plus_time', 'admission_source_id', 'NeuralNetTorch_BAG_L1_0', 'LightGBMLarge_BAG_L1_2', 'CatBoost_r177_BAG_L1_1', 'XGBoost_BAG_L1_2', 'RandomForestGini_BAG_L1_0', 'ExtraTreesGini_BAG_L1_2', 'LightGBMLarge_BAG_L1_1', 'ExtraTreesEntr_BAG_L1_1', 'NeuralNetTorch_r79_BAG_L1_2', 'diabetesMed', 'LightGBMXT_BAG_L1_2', 'num_lab_procedures', 'RandomForestGini_BAG_L1_2', 'LightGBMXT_BAG_L1_1', 'num_prior_encounters', 'NeuralNetTorch_r79_BAG_L1_1', 'age', 'total_visits', 'CatBoost_BAG_L1_0', 'ExtraTreesEntr_BAG_L1_0', 'ExtraTreesEntr_BAG_L1_2', 'NeuralNetTorch_r79_BAG_L1_0', 'race', 'A1Cresult', 'RandomForestEntr_BAG_L1_0', 'LightGBMLarge_BAG_L1_0', 'XGBoost_BAG_L1_0', 'CatBoost_BAG_L1_1', 'gender', 'time_in_hospital', 'insulin', 'ExtraTreesGini_BAG_L1_0', 'num_procedures', 'RandomForestGini_BAG_L1_1', 'diag_1_category', 'NeuralNetFastAI_BAG_L1_2', 'LightGBM_BAG_L1_2']",,"{'n_estimators': 10000, 'learning_rate': 0.1, 'n_jobs': -1, 'proc.max_category_levels': 100, 'objective': 'multi:softprob', 'booster': 'gbtree', 'num_class': 3, 'seed': 0}",{'n_estimators': 77},"{'max_memory_usage_ratio': 1.0, 'max_time_limit_ratio': 1.0, 'max_time_limit': None, 'min_time_limit': 0, 'valid_raw_types': ['bool', 'int', 'float', 'category'], 'valid_special_types': None, 'ignored_type_group_special': None, 'ignored_type_group_raw': None, 'get_features_kwargs': None, 'get_features_kwargs_extra': None, 'predict_1_batch_size': None, 'temperature_scalar': None}","['CatBoost_BAG_L1', 'LightGBMXT_BAG_L1', 'RandomForestGini_BAG_L1', 'ExtraTreesGini_BAG_L1', 'XGBoost_BAG_L1', 'NeuralNetFastAI_BAG_L1', 'ExtraTreesEntr_BAG_L1', 'RandomForestEntr_BAG_L1', 'CatBoost_r177_BAG_L1', 'LightGBM_BAG_L1', 'NeuralNetTorch_r79_BAG_L1', 'LightGBMLarge_BAG_L1', 'NeuralNetTorch_BAG_L1']",['WeightedEnsemble_L3']
CatBoost_BAG_L1,0.5657423156195284,0.6578013245033113,0.5887897160132437,0.57364507832409,0.5887897160132437,0.7787146358905224,0.557878537911212,f1_macro,0.19971895217895508,0.39365291595458984,1333.4749290943146,0.19971895217895508,0.39365291595458984,1333.4749290943146,1,True,6,29,8,8,24307288,24307288,4291048,4291048,0,17,StackerEnsembleModel,CatBoostModel,f1_macro,"{'use_orig_features': True, 'valid_stacker': True, 'max_base_models': 0, 'max_base_models_per_type': 'auto', 'save_bag_folds': True, 'stratify': 'auto', 'bin': 'auto', 'n_bins': None, 'vary_seed_across_folds': False, 'model_random_seed': 0}",{},"{'max_memory_usage_ratio': 1.0, 'max_time_limit_ratio': 1.0, 'max_time_limit': None, 'min_time_limit': 0, 'valid_raw_types': None, 'valid_special_types': None, 'ignored_type_group_special': None, 'ignored_type_group_raw': None, 'get_features_kwargs': None, 'get_features_kwargs_extra': None, 'predict_1_batch_size': None, 'temperature_scalar': None, 'drop_unique': False}","['admission_type_id', 'max_glu_serum', 'diag_2_category', 'med_per_day', 'change', 'number_inpatient', 'number_emergency', 'diag_3_category', 'num_medications', 'discharge_disposition_id', 'num_steady_meds', 'num_active_meds', 'number_diagnoses', 'number_outpatient', 'inpatient_plus_time', 'admission_source_id', 'race', 'diabetesMed', 'medical_specialty', 'total_visits', 'num_lab_procedures', 'insulin', 'num_prior_encounters', 'age', 'A1Cresult', 'gender', 'time_in_hospital', 'num_procedures', 'diag_1_category']",,"{'iterations': 10000, 'learning_rate': 0.05, 'allow_writing_files': False, 'eval_metric': 'MultiClass', 'random_seed': 0}",{'iterations': 1218},"{'max_memory_usage_ratio': 1.0, 'max_time_limit_ratio': 1.0, 'max_time_limit': None, 'min_time_limit': 0, 'valid_raw_types': ['bool', 'int', 'float', 'category'], 'valid_special_types': None, 'ignored_type_group_special': None, 'ignored_type_group_raw': None, 'get_features_kwargs': None, 'get_features_kwargs_extra': None, 'predict_1_batch_size': None, 'temperature_scalar': None}",[],"['WeightedEnsemble_L3', 'ExtraTreesGini_BAG_L2', 'RandomForestGini_BAG_L2', 'LightGBMXT_BAG_L2', 'WeightedEnsemble_L2', 'LightGBM_BAG_L2', 'CatBoost_BAG_L2', 'XGBoost_BAG_L2', 'LightGBMLarge_BAG_L2', 'LightGBM_r131_BAG_L2', 'NeuralNetTorch_BAG_L2', 'CatBoost_r177_BAG_L2', 'NeuralNetTorch_r79_BAG_L2', 'NeuralNetFastAI_BAG_L2', 'ExtraTreesEntr_BAG_L2', 'RandomForestEntr_BAG_L2', 'NeuralNetFastAI_r191_BAG_L2']"
LightGBM_r131_BAG_L2,0.5642683354901633,0.6548344370860927,0.5917797199031988,0.5722592294417207,0.5917797199031988,0.7821517102564696,0.5578552542929277,f1_macro,15.183010578155518,41.10936617851257,1758.181491136551,0.46906232833862305,1.1814463138580322,12.34118390083313,2,True,28,68,8,84,11720207,3464296187,4346651,792084509,13,1,StackerEnsembleModel,LGBModel,f1_macro,"{'use_orig_features': True, 'valid_stacker': True, 'max_base_models': 0, 'max_base_models_per_type': 'auto', 'save_bag_folds': True, 'stratify': 'auto', 'bin': 'auto', 'n_bins': None, 'vary_seed_across_folds': False, 'model_random_seed': 0}",{},"{'max_memory_usage_ratio': 1.0, 'max_time_limit_ratio': 1.0, 'max_time_limit': None, 'min_time_limit': 0, 'valid_raw_types': None, 'valid_special_types': None, 'ignored_type_group_special': None, 'ignored_type_group_raw': None, 'get_features_kwargs': None, 'get_features_kwargs_extra': None, 'predict_1_batch_size': None, 'temperature_scalar': None, 'drop_unique': False}","['NeuralNetFastAI_BAG_L1_0', 'diag_2_category', 'CatBoost_r177_BAG_L1_2', 'NeuralNetFastAI_BAG_L1_1', 'ExtraTreesGini_BAG_L1_1', 'CatBoost_BAG_L1_2', 'NeuralNetTorch_BAG_L1_1', 'admission_type_id', 'RandomForestEntr_BAG_L1_1', 'NeuralNetTorch_BAG_L1_2', 'CatBoost_r177_BAG_L1_0', 'change', 'LightGBMXT_BAG_L1_0', 'med_per_day', 'number_inpatient', 'medical_specialty', 'max_glu_serum', 'LightGBM_BAG_L1_0', 'number_emergency', 'diag_3_category', 'RandomForestEntr_BAG_L1_2', 'XGBoost_BAG_L1_1', 'num_medications', 'discharge_disposition_id', 'num_steady_meds', 'num_active_meds', 'number_diagnoses', 'LightGBM_BAG_L1_1', 'number_outpatient', 'inpatient_plus_time', 'admission_source_id', 'NeuralNetTorch_BAG_L1_0', 'LightGBMLarge_BAG_L1_2', 'CatBoost_r177_BAG_L1_1', 'XGBoost_BAG_L1_2', 'RandomForestGini_BAG_L1_0', 'ExtraTreesGini_BAG_L1_2', 'LightGBMLarge_BAG_L1_1', 'ExtraTreesEntr_BAG_L1_1', 'NeuralNetTorch_r79_BAG_L1_2', 'diabetesMed', 'LightGBMXT_BAG_L1_2', 'num_lab_procedures', 'RandomForestGini_BAG_L1_2', 'LightGBMXT_BAG_L1_1', 'num_prior_encounters', 'NeuralNetTorch_r79_BAG_L1_1', 'age', 'total_visits', 'CatBoost_BAG_L1_0', 'ExtraTreesEntr_BAG_L1_0', 'ExtraTreesEntr_BAG_L1_2', 'NeuralNetTorch_r79_BAG_L1_0', 'race', 'A1Cresult', 'RandomForestEntr_BAG_L1_0', 'LightGBMLarge_BAG_L1_0', 'XGBoost_BAG_L1_0', 'CatBoost_BAG_L1_1', 'gender', 'time_in_hospital', 'insulin', 'ExtraTreesGini_BAG_L1_0', 'num_procedures', 'RandomForestGini_BAG_L1_1', 'diag_1_category', 'NeuralNetFastAI_BAG_L1_2', 'LightGBM_BAG_L1_2']",,"{'learning_rate': 0.012144796373999013, 'extra_trees': False, 'feature_fraction': 0.7023601671276614, 'min_data_in_leaf': 14, 'num_leaves': 53, 'seed': 0}",{'num_boost_round': 82},"{'max_memory_usage_ratio': 1.0, 'max_time_limit_ratio': 1.0, 'max_time_limit': None, 'min_time_limit': 0, 'valid_raw_types': ['bool', 'int', 'float', 'category'], 'valid_special_types': None, 'ignored_type_group_special': None, 'ignored_type_group_raw': None, 'get_features_kwargs': None, 'get_features_kwargs_extra': None, 'predict_1_batch_size': None, 'temperature_scalar': None}","['CatBoost_BAG_L1', 'LightGBMXT_BAG_L1', 'RandomForestGini_BAG_L1', 'ExtraTreesGini_BAG_L1', 'XGBoost_BAG_L1', 'NeuralNetFastAI_BAG_L1', 'ExtraTreesEntr_BAG_L1', 'RandomForestEntr_BAG_L1', 'CatBoost_r177_BAG_L1', 'LightGBM_BAG_L1', 'NeuralNetTorch_r79_BAG_L1', 'LightGBMLarge_BAG_L1', 'NeuralNetTorch_BAG_L1']",['WeightedEnsemble_L3']
CatBoost_r177_BAG_L2,0.5625001033048708,0.6538807947019868,0.5922656781143786,0.5732061529766524,0.5922656781143786,0.782579125162364,0.556334985354766,f1_macro,14.775642156600952,40.11283302307129,1835.3967213630676,0.06169390678405762,0.18491315841674805,89.55641412734985,2,True,26,68,8,84,3004819,3455580799,624391,792084509,13,1,StackerEnsembleModel,CatBoostModel,f1_macro,"{'use_orig_features': True, 'valid_stacker': True, 'max_base_models': 0, 'max_base_models_per_type': 'auto', 'save_bag_folds': True, 'stratify': 'auto', 'bin': 'auto', 'n_bins': None, 'vary_seed_across_folds': False, 'model_random_seed': 0}",{},"{'max_memory_usage_ratio': 1.0, 'max_time_limit_ratio': 1.0, 'max_time_limit': None, 'min_time_limit': 0, 'valid_raw_types': None, 'valid_special_types': None, 'ignored_type_group_special': None, 'ignored_type_group_raw': None, 'get_features_kwargs': None, 'get_features_kwargs_extra': None, 'predict_1_batch_size': None, 'temperature_scalar': None, 'drop_unique': False}","['NeuralNetFastAI_BAG_L1_0', 'diag_2_category', 'CatBoost_r177_BAG_L1_2', 'NeuralNetFastAI_BAG_L1_1', 'ExtraTreesGini_BAG_L1_1', 'CatBoost_BAG_L1_2', 'NeuralNetTorch_BAG_L1_1', 'admission_type_id', 'RandomForestEntr_BAG_L1_1', 'NeuralNetTorch_BAG_L1_2', 'CatBoost_r177_BAG_L1_0', 'change', 'LightGBMXT_BAG_L1_0', 'med_per_day', 'number_inpatient', 'medical_specialty', 'max_glu_serum', 'LightGBM_BAG_L1_0', 'number_emergency', 'diag_3_category', 'RandomForestEntr_BAG_L1_2', 'XGBoost_BAG_L1_1', 'num_medications', 'discharge_disposition_id', 'num_steady_meds', 'num_active_meds', 'number_diagnoses', 'LightGBM_BAG_L1_1', 'number_outpatient', 'inpatient_plus_time', 'admission_source_id', 'NeuralNetTorch_BAG_L1_0', 'LightGBMLarge_BAG_L1_2', 'CatBoost_r177_BAG_L1_1', 'XGBoost_BAG_L1_2', 'RandomForestGini_BAG_L1_0', 'ExtraTreesGini_BAG_L1_2', 'LightGBMLarge_BAG_L1_1', 'ExtraTreesEntr_BAG_L1_1', 'NeuralNetTorch_r79_BAG_L1_2', 'diabetesMed', 'LightGBMXT_BAG_L1_2', 'num_lab_procedures', 'RandomForestGini_BAG_L1_2', 'LightGBMXT_BAG_L1_1', 'num_prior_encounters', 'NeuralNetTorch_r79_BAG_L1_1', 'age', 'total_visits', 'CatBoost_BAG_L1_0', 'ExtraTreesEntr_BAG_L1_0', 'ExtraTreesEntr_BAG_L1_2', 'NeuralNetTorch_r79_BAG_L1_0', 'race', 'A1Cresult', 'RandomForestEntr_BAG_L1_0', 'LightGBMLarge_BAG_L1_0', 'XGBoost_BAG_L1_0', 'CatBoost_BAG_L1_1', 'gender', 'time_in_hospital', 'insulin', 'ExtraTreesGini_BAG_L1_0', 'num_procedures', 'RandomForestGini_BAG_L1_1', 'diag_1_category', 'NeuralNetFastAI_BAG_L1_2', 'LightGBM_BAG_L1_2']",,"{'iterations': 10000, 'learning_rate': 0.06864209415792857, 'allow_writing_files': False, 'eval_metric': 'MultiClass', 'depth': 6, 'grow_policy': 'SymmetricTree', 'l2_leaf_reg': 2.1542798306067823, 'max_ctr_complexity': 4, 'one_hot_max_size': 10, 'random_seed': 0}",{'iterations': 158},"{'max_memory_usage_ratio': 1.0, 'max_time_limit_ratio': 1.0, 'max_time_limit': None, 'min_time_limit': 0, 'valid_raw_types': ['bool', 'int', 'float', 'category'], 'valid_special_types': None, 'ignored_type_group_special': None, 'ignored_type_group_raw': None, 'get_features_kwargs': None, 'get_features_kwargs_extra': None, 'predict_1_batch_size': None, 'temperature_scalar': None}","['CatBoost_BAG_L1', 'LightGBMXT_BAG_L1', 'RandomForestGini_BAG_L1', 'ExtraTreesGini_BAG_L1', 'XGBoost_BAG_L1', 'NeuralNetFastAI_BAG_L1', 'ExtraTreesEntr_BAG_L1', 'RandomForestEntr_BAG_L1', 'CatBoost_r177_BAG_L1', 'LightGBM_BAG_L1', 'NeuralNetTorch_r79_BAG_L1', 'LightGBMLarge_BAG_L1', 'NeuralNetTorch_BAG_L1']",['WeightedEnsemble_L3']
LightGBMXT_BAG_L2,0.5623647141238276,0.6522913907284769,0.5922788618594267,0.5719104816671162,0.5922788618594267,0.7832557671183329,0.5557409849506924,f1_macro,14.969670057296753,40.573925256729126,1752.8411390781403,0.2557218074798584,0.646005392074585,7.000831842422485,2,True,16,68,8,84,3953133,3456529113,1204821,792084509,13,0,StackerEnsembleModel,LGBModel,f1_macro,"{'use_orig_features': True, 'valid_stacker': True, 'max_base_models': 0, 'max_base_models_per_type': 'auto', 'save_bag_folds': True, 'stratify': 'auto', 'bin': 'auto', 'n_bins': None, 'vary_seed_across_folds': False, 'model_random_seed': 0}",{},"{'max_memory_usage_ratio': 1.0, 'max_time_limit_ratio': 1.0, 'max_time_limit': None, 'min_time_limit': 0, 'valid_raw_types': None, 'valid_special_types': None, 'ignored_type_group_special': None, 'ignored_type_group_raw': None, 'get_features_kwargs': None, 'get_features_kwargs_extra': None, 'predict_1_batch_size': None, 'temperature_scalar': None, 'drop_unique': False}","['NeuralNetFastAI_BAG_L1_0', 'diag_2_category', 'CatBoost_r177_BAG_L1_2', 'NeuralNetFastAI_BAG_L1_1', 'ExtraTreesGini_BAG_L1_1', 'CatBoost_BAG_L1_2', 'NeuralNetTorch_BAG_L1_1', 'admission_type_id', 'RandomForestEntr_BAG_L1_1', 'NeuralNetTorch_BAG_L1_2', 'CatBoost_r177_BAG_L1_0', 'change', 'LightGBMXT_BAG_L1_0', 'med_per_day', 'number_inpatient', 'medical_specialty', 'max_glu_serum', 'LightGBM_BAG_L1_0', 'number_emergency', 'diag_3_category', 'RandomForestEntr_BAG_L1_2', 'XGBoost_BAG_L1_1', 'num_medications', 'discharge_disposition_id', 'num_steady_meds', 'num_active_meds', 'number_diagnoses', 'LightGBM_BAG_L1_1', 'number_outpatient', 'inpatient_plus_time', 'admission_source_id', 'NeuralNetTorch_BAG_L1_0', 'LightGBMLarge_BAG_L1_2', 'CatBoost_r177_BAG_L1_1', 'XGBoost_BAG_L1_2', 'RandomForestGini_BAG_L1_0', 'ExtraTreesGini_BAG_L1_2', 'LightGBMLarge_BAG_L1_1', 'ExtraTreesEntr_BAG_L1_1', 'NeuralNetTorch_r79_BAG_L1_2', 'diabetesMed', 'LightGBMXT_BAG_L1_2', 'num_lab_procedures', 'RandomForestGini_BAG_L1_2', 'LightGBMXT_BAG_L1_1', 'num_prior_encounters', 'NeuralNetTorch_r79_BAG_L1_1', 'age', 'total_visits', 'CatBoost_BAG_L1_0', 'ExtraTreesEntr_BAG_L1_0', 'ExtraTreesEntr_BAG_L1_2', 'NeuralNetTorch_r79_BAG_L1_0', 'race', 'A1Cresult', 'RandomForestEntr_BAG_L1_0', 'LightGBMLarge_BAG_L1_0', 'XGBoost_BAG_L1_0', 'CatBoost_BAG_L1_1', 'gender', 'time_in_hospital', 'insulin', 'ExtraTreesGini_BAG_L1_0', 'num_procedures', 'RandomForestGini_BAG_L1_1', 'diag_1_category', 'NeuralNetFastAI_BAG_L1_2', 'LightGBM_BAG_L1_2']",,"{'learning_rate': 0.05, 'extra_trees': True, 'seed': 0}",{'num_boost_round': 46},"{'max_memory_usage_ratio': 1.0, 'max_time_limit_ratio': 1.0, 'max_time_limit': None, 'min_time_limit': 0, 'valid_raw_types': ['bool', 'int', 'float', 'category'], 'valid_special_types': None, 'ignored_type_group_special': None, 'ignored_type_group_raw': None, 'get_features_kwargs': None, 'get_features_kwargs_extra': None, 'predict_1_batch_size': None, 'temperature_scalar': None}","['CatBoost_BAG_L1', 'LightGBMXT_BAG_L1', 'RandomForestGini_BAG_L1', 'ExtraTreesGini_BAG_L1', 'XGBoost_BAG_L1', 'NeuralNetFastAI_BAG_L1', 'ExtraTreesEntr_BAG_L1', 'RandomForestEntr_BAG_L1', 'CatBoost_r177_BAG_L1', 'LightGBM_BAG_L1', 'NeuralNetTorch_r79_BAG_L1', 'LightGBMLarge_BAG_L1', 'NeuralNetTorch_BAG_L1']",[]
CatBoost_BAG_L2,0.5621104917106564,0.6528741721854304,0.5935352148490498,0.5737455495871512,0.5935352148490498,0.7826528252084012,0.5551206379843244,f1_macro,14.794061183929443,40.016210079193115,2037.6021432876587,0.08011293411254883,0.08829021453857422,291.7618360519409,2,True,20,68,8,84,4798222,3457374202,786182,792084509,13,0,StackerEnsembleModel,CatBoostModel,f1_macro,"{'use_orig_features': True, 'valid_stacker': True, 'max_base_models': 0, 'max_base_models_per_type': 'auto', 'save_bag_folds': True, 'stratify': 'auto', 'bin': 'auto', 'n_bins': None, 'vary_seed_across_folds': False, 'model_random_seed': 0}",{},"{'max_memory_usage_ratio': 1.0, 'max_time_limit_ratio': 1.0, 'max_time_limit': None, 'min_time_limit': 0, 'valid_raw_types': None, 'valid_special_types': None, 'ignored_type_group_special': None, 'ignored_type_group_raw': None, 'get_features_kwargs': None, 'get_features_kwargs_extra': None, 'predict_1_batch_size': None, 'temperature_scalar': None, 'drop_unique': False}","['NeuralNetFastAI_BAG_L1_0', 'diag_2_category', 'CatBoost_r177_BAG_L1_2', 'NeuralNetFastAI_BAG_L1_1', 'ExtraTreesGini_BAG_L1_1', 'CatBoost_BAG_L1_2', 'NeuralNetTorch_BAG_L1_1', 'admission_type_id', 'RandomForestEntr_BAG_L1_1', 'NeuralNetTorch_BAG_L1_2', 'CatBoost_r177_BAG_L1_0', 'change', 'LightGBMXT_BAG_L1_0', 'med_per_day', 'number_inpatient', 'medical_specialty', 'max_glu_serum', 'LightGBM_BAG_L1_0', 'number_emergency', 'diag_3_category', 'RandomForestEntr_BAG_L1_2', 'XGBoost_BAG_L1_1', 'num_medications', 'discharge_disposition_id', 'num_steady_meds', 'num_active_meds', 'number_diagnoses', 'LightGBM_BAG_L1_1', 'number_outpatient', 'inpatient_plus_time', 'admission_source_id', 'NeuralNetTorch_BAG_L1_0', 'LightGBMLarge_BAG_L1_2', 'CatBoost_r177_BAG_L1_1', 'XGBoost_BAG_L1_2', 'RandomForestGini_BAG_L1_0', 'ExtraTreesGini_BAG_L1_2', 'LightGBMLarge_BAG_L1_1', 'ExtraTreesEntr_BAG_L1_1', 'NeuralNetTorch_r79_BAG_L1_2', 'diabetesMed', 'LightGBMXT_BAG_L1_2', 'num_lab_procedures', 'RandomForestGini_BAG_L1_2', 'LightGBMXT_BAG_L1_1', 'num_prior_encounters', 'NeuralNetTorch_r79_BAG_L1_1', 'age', 'total_visits', 'CatBoost_BAG_L1_0', 'ExtraTreesEntr_BAG_L1_0', 'ExtraTreesEntr_BAG_L1_2', 'NeuralNetTorch_r79_BAG_L1_0', 'race', 'A1Cresult', 'RandomForestEntr_BAG_L1_0', 'LightGBMLarge_BAG_L1_0', 'XGBoost_BAG_L1_0', 'CatBoost_BAG_L1_1', 'gender', 'time_in_hospital', 'insulin', 'ExtraTreesGini_BAG_L1_0', 'num_procedures', 'RandomForestGini_BAG_L1_1', 'diag_1_category', 'NeuralNetFastAI_BAG_L1_2', 'LightGBM_BAG_L1_2']",,"{'iterations': 10000, 'learning_rate': 0.05, 'allow_writing_files': False, 'eval_metric': 'MultiClass', 'random_seed': 0}",{'iterations': 250},"{'max_memory_usage_ratio': 1.0, 'max_time_limit_ratio': 1.0, 'max_time_limit': None, 'min_time_limit': 0, 'valid_raw_types': ['bool', 'int', 'float', 'category'], 'valid_special_types': None, 'ignored_type_group_special': None, 'ignored_type_group_raw': None, 'get_features_kwargs': None, 'get_features_kwargs_extra': None, 'predict_1_batch_size': None, 'temperature_scalar': None}","['CatBoost_BAG_L1', 'LightGBMXT_BAG_L1', 'RandomForestGini_BAG_L1', 'ExtraTreesGini_BAG_L1', 'XGBoost_BAG_L1', 'NeuralNetFastAI_BAG_L1', 'ExtraTreesEntr_BAG_L1', 'RandomForestEntr_BAG_L1', 'CatBoost_r177_BAG_L1', 'LightGBM_BAG_L1', 'NeuralNetTorch_r79_BAG_L1', 'LightGBMLarge_BAG_L1', 'NeuralNetTorch_BAG_L1']",[]
CatBoost_r177_BAG_L1,0.5621021950720175,0.6531920529801325,0.5901646355329538,0.573209352296503,0.5901646355329538,0.7774952068703752,0.5536525836733246,f1_macro,0.0812222957611084,0.38937830924987793,90.27274227142334,0.0812222957611084,0.38937830924987793,90.27274227142334,1,True,12,29,8,8,7496582,7496582,958527,958527,0,17,StackerEnsembleModel,CatBoostModel,f1_macro,"{'use_orig_features': True, 'valid_stacker': True, 'max_base_models': 0, 'max_base_models_per_type': 'auto', 'save_bag_folds': True, 'stratify': 'auto', 'bin': 'auto', 'n_bins': None, 'vary_seed_across_folds': False, 'model_random_seed': 0}",{},"{'max_memory_usage_ratio': 1.0, 'max_time_limit_ratio': 1.0, 'max_time_limit': None, 'min_time_limit': 0, 'valid_raw_types': None, 'valid_special_types': None, 'ignored_type_group_special': None, 'ignored_type_group_raw': None, 'get_features_kwargs': None, 'get_features_kwargs_extra': None, 'predict_1_batch_size': None, 'temperature_scalar': None, 'drop_unique': False}","['admission_type_id', 'max_glu_serum', 'diag_2_category', 'med_per_day', 'change', 'number_inpatient', 'number_emergency', 'diag_3_category', 'num_medications', 'discharge_disposition_id', 'num_steady_meds', 'num_active_meds', 'number_diagnoses', 'number_outpatient', 'inpatient_plus_time', 'admission_source_id', 'race', 'diabetesMed', 'medical_specialty', 'total_visits', 'num_lab_procedures', 'insulin', 'num_prior_encounters', 'age', 'A1Cresult', 'gender', 'time_in_hospital', 'num_procedures', 'diag_1_category']",,"{'iterations': 10000, 'learning_rate': 0.06864209415792857, 'allow_writing_files': False, 'eval_metric': 'MultiClass', 'depth': 6, 'grow_policy': 'SymmetricTree', 'l2_leaf_reg': 2.1542798306067823, 'max_ctr_complexity': 4, 'one_hot_max_size': 10, 'random_seed': 0}",{'iterations': 409},"{'max_memory_usage_ratio': 1.0, 'max_time_limit_ratio': 1.0, 'max_time_limit': None, 'min_time_limit': 0, 'valid_raw_types': ['bool', 'int', 'float', 'category'], 'valid_special_types': None, 'ignored_type_group_special': None, 'ignored_type_group_raw': None, 'get_features_kwargs': None, 'get_features_kwargs_extra': None, 'predict_1_batch_size': None, 'temperature_scalar': None}",[],"['WeightedEnsemble_L3', 'ExtraTreesGini_BAG_L2', 'RandomForestGini_BAG_L2', 'LightGBMXT_BAG_L2', 'WeightedEnsemble_L2', 'LightGBM_BAG_L2', 'CatBoost_BAG_L2', 'XGBoost_BAG_L2', 'LightGBMLarge_BAG_L2', 'LightGBM_r131_BAG_L2', 'NeuralNetTorch_BAG_L2', 'CatBoost_r177_BAG_L2', 'NeuralNetTorch_r79_BAG_L2', 'NeuralNetFastAI_BAG_L2', 'ExtraTreesEntr_BAG_L2', 'RandomForestEntr_BAG_L2', 'NeuralNetFastAI_r191_BAG_L2']"
NeuralNetFastAI_r191_BAG_L2,0.5588568998689879,0.7142251655629139,0.5544043000638016,0.6186841623241798,0.5544043000638016,0.7789255031459762,0.5628231669875489,f1_macro,16.18571710586548,40.81997609138489,1764.9444499015808,1.471768856048584,0.8920562267303467,19.104142665863037,2,True,29,68,8,84,14358895,3466934875,1803021,792084509,13,1,StackerEnsembleModel,NNFastAiTabularModel,f1_macro,"{'use_orig_features': True, 'valid_stacker': True, 'max_base_models': 0, 'max_base_models_per_type': 'auto', 'save_bag_folds': True, 'stratify': 'auto', 'bin': 'auto', 'n_bins': None, 'vary_seed_across_folds': False, 'model_random_seed': 0}",{},"{'max_memory_usage_ratio': 1.0, 'max_time_limit_ratio': 1.0, 'max_time_limit': None, 'min_time_limit': 0, 'valid_raw_types': None, 'valid_special_types': None, 'ignored_type_group_special': None, 'ignored_type_group_raw': None, 'get_features_kwargs': None, 'get_features_kwargs_extra': None, 'predict_1_batch_size': None, 'temperature_scalar': None, 'drop_unique': False}","['NeuralNetFastAI_BAG_L1_0', 'diag_2_category', 'CatBoost_r177_BAG_L1_2', 'NeuralNetFastAI_BAG_L1_1', 'ExtraTreesGini_BAG_L1_1', 'CatBoost_BAG_L1_2', 'NeuralNetTorch_BAG_L1_1', 'admission_type_id', 'RandomForestEntr_BAG_L1_1', 'NeuralNetTorch_BAG_L1_2', 'CatBoost_r177_BAG_L1_0', 'change', 'LightGBMXT_BAG_L1_0', 'med_per_day', 'number_inpatient', 'medical_specialty', 'max_glu_serum', 'LightGBM_BAG_L1_0', 'number_emergency', 'diag_3_category', 'RandomForestEntr_BAG_L1_2', 'XGBoost_BAG_L1_1', 'num_medications', 'discharge_disposition_id', 'num_steady_meds', 'num_active_meds', 'number_diagnoses', 'LightGBM_BAG_L1_1', 'number_outpatient', 'inpatient_plus_time', 'admission_source_id', 'NeuralNetTorch_BAG_L1_0', 'LightGBMLarge_BAG_L1_2', 'CatBoost_r177_BAG_L1_1', 'XGBoost_BAG_L1_2', 'RandomForestGini_BAG_L1_0', 'ExtraTreesGini_BAG_L1_2', 'LightGBMLarge_BAG_L1_1', 'ExtraTreesEntr_BAG_L1_1', 'NeuralNetTorch_r79_BAG_L1_2', 'diabetesMed', 'LightGBMXT_BAG_L1_2', 'num_lab_procedures', 'RandomForestGini_BAG_L1_2', 'LightGBMXT_BAG_L1_1', 'num_prior_encounters', 'NeuralNetTorch_r79_BAG_L1_1', 'age', 'total_visits', 'CatBoost_BAG_L1_0', 'ExtraTreesEntr_BAG_L1_0', 'ExtraTreesEntr_BAG_L1_2', 'NeuralNetTorch_r79_BAG_L1_0', 'race', 'A1Cresult', 'RandomForestEntr_BAG_L1_0', 'LightGBMLarge_BAG_L1_0', 'XGBoost_BAG_L1_0', 'CatBoost_BAG_L1_1', 'gender', 'time_in_hospital', 'insulin', 'ExtraTreesGini_BAG_L1_0', 'num_procedures', 'RandomForestGini_BAG_L1_1', 'diag_1_category', 'NeuralNetFastAI_BAG_L1_2', 'LightGBM_BAG_L1_2']",,"{'layers': [800, 400], 'emb_drop': 0.5411770367537934, 'ps': 0.23782946566604385, 'bs': 256, 'lr': 0.01519848858318159, 'epochs': 43, 'early.stopping.min_delta': 0.0001, 'early.stopping.patience': 20, 'smoothing': 0.0, 'random_seed': 0}","{'epochs': 43, 'best_epoch': 2}","{'max_memory_usage_ratio': 1.0, 'max_time_limit_ratio': 1.0, 'max_time_limit': None, 'min_time_limit': 0, 'valid_raw_types': ['bool', 'int', 'float', 'category'], 'valid_special_types': None, 'ignored_type_group_special': ['text_ngram', 'text_as_category'], 'ignored_type_group_raw': None, 'get_features_kwargs': None, 'get_features_kwargs_extra': None, 'predict_1_batch_size': None, 'temperature_scalar': None}","['CatBoost_BAG_L1', 'LightGBMXT_BAG_L1', 'RandomForestGini_BAG_L1', 'ExtraTreesGini_BAG_L1', 'XGBoost_BAG_L1', 'NeuralNetFastAI_BAG_L1', 'ExtraTreesEntr_BAG_L1', 'RandomForestEntr_BAG_L1', 'CatBoost_r177_BAG_L1', 'LightGBM_BAG_L1', 'NeuralNetTorch_r79_BAG_L1', 'LightGBMLarge_BAG_L1', 'NeuralNetTorch_BAG_L1']",['WeightedEnsemble_L3']
NeuralNetFastAI_BAG_L2,0.5543569395122957,0.7175099337748344,0.5521191879509532,0.6301260284034533,0.5521191879509532,0.7792607634258178,0.5506604749896732,f1_macro,15.783716201782227,40.38387322425842,1788.7067563533783,1.069767951965332,0.45595335960388184,42.86644911766052,2,True,15,68,8,84,3703068,3456279048,513807,792084509,13,0,StackerEnsembleModel,NNFastAiTabularModel,f1_macro,"{'use_orig_features': True, 'valid_stacker': True, 'max_base_models': 0, 'max_base_models_per_type': 'auto', 'save_bag_folds': True, 'stratify': 'auto', 'bin': 'auto', 'n_bins': None, 'vary_seed_across_folds': False, 'model_random_seed': 0}",{},"{'max_memory_usage_ratio': 1.0, 'max_time_limit_ratio': 1.0, 'max_time_limit': None, 'min_time_limit': 0, 'valid_raw_types': None, 'valid_special_types': None, 'ignored_type_group_special': None, 'ignored_type_group_raw': None, 'get_features_kwargs': None, 'get_features_kwargs_extra': None, 'predict_1_batch_size': None, 'temperature_scalar': None, 'drop_unique': False}","['NeuralNetFastAI_BAG_L1_0', 'diag_2_category', 'CatBoost_r177_BAG_L1_2', 'NeuralNetFastAI_BAG_L1_1', 'ExtraTreesGini_BAG_L1_1', 'CatBoost_BAG_L1_2', 'NeuralNetTorch_BAG_L1_1', 'admission_type_id', 'RandomForestEntr_BAG_L1_1', 'NeuralNetTorch_BAG_L1_2', 'CatBoost_r177_BAG_L1_0', 'change', 'LightGBMXT_BAG_L1_0', 'med_per_day', 'number_inpatient', 'medical_specialty', 'max_glu_serum', 'LightGBM_BAG_L1_0', 'number_emergency', 'diag_3_category', 'RandomForestEntr_BAG_L1_2', 'XGBoost_BAG_L1_1', 'num_medications', 'discharge_disposition_id', 'num_steady_meds', 'num_active_meds', 'number_diagnoses', 'LightGBM_BAG_L1_1', 'number_outpatient', 'inpatient_plus_time', 'admission_source_id', 'NeuralNetTorch_BAG_L1_0', 'LightGBMLarge_BAG_L1_2', 'CatBoost_r177_BAG_L1_1', 'XGBoost_BAG_L1_2', 'RandomForestGini_BAG_L1_0', 'ExtraTreesGini_BAG_L1_2', 'LightGBMLarge_BAG_L1_1', 'ExtraTreesEntr_BAG_L1_1', 'NeuralNetTorch_r79_BAG_L1_2', 'diabetesMed', 'LightGBMXT_BAG_L1_2', 'num_lab_procedures', 'RandomForestGini_BAG_L1_2', 'LightGBMXT_BAG_L1_1', 'num_prior_encounters', 'NeuralNetTorch_r79_BAG_L1_1', 'age', 'total_visits', 'CatBoost_BAG_L1_0', 'ExtraTreesEntr_BAG_L1_0', 'ExtraTreesEntr_BAG_L1_2', 'NeuralNetTorch_r79_BAG_L1_0', 'race', 'A1Cresult', 'RandomForestEntr_BAG_L1_0', 'LightGBMLarge_BAG_L1_0', 'XGBoost_BAG_L1_0', 'CatBoost_BAG_L1_1', 'gender', 'time_in_hospital', 'insulin', 'ExtraTreesGini_BAG_L1_0', 'num_procedures', 'RandomForestGini_BAG_L1_1', 'diag_1_category', 'NeuralNetFastAI_BAG_L1_2', 'LightGBM_BAG_L1_2']",,"{'layers': None, 'emb_drop': 0.1, 'ps': 0.1, 'bs': 'auto', 'lr': 0.01, 'epochs': 'auto', 'early.stopping.min_delta': 0.0001, 'early.stopping.patience': 20, 'smoothing': 0.0, 'random_seed': 0}","{'epochs': 30, 'best_epoch': 4}","{'max_memory_usage_ratio': 1.0, 'max_time_limit_ratio': 1.0, 'max_time_limit': None, 'min_time_limit': 0, 'valid_raw_types': ['bool', 'int', 'float', 'category'], 'valid_special_types': None, 'ignored_type_group_special': ['text_ngram', 'text_as_category'], 'ignored_type_group_raw': None, 'get_features_kwargs': None, 'get_features_kwargs_extra': None, 'predict_1_batch_size': None, 'temperature_scalar': None}","['CatBoost_BAG_L1', 'LightGBMXT_BAG_L1', 'RandomForestGini_BAG_L1', 'ExtraTreesGini_BAG_L1', 'XGBoost_BAG_L1', 'NeuralNetFastAI_BAG_L1', 'ExtraTreesEntr_BAG_L1', 'RandomForestEntr_BAG_L1', 'CatBoost_r177_BAG_L1', 'LightGBM_BAG_L1', 'NeuralNetTorch_r79_BAG_L1', 'LightGBMLarge_BAG_L1', 'NeuralNetTorch_BAG_L1']",[]
NeuralNetTorch_r79_BAG_L2,0.551838178680687,0.7176158940397351,0.5510537594459581,0.6344002543886619,0.5510537594459581,0.7785014197345564,0.5497066527169628,f1_macro,15.84336519241333,40.50633382797241,1903.975899219513,1.1294169425964355,0.5784139633178711,158.13559198379517,2,True,27,68,8,84,3123074,3455699054,398531,792084509,13,0,StackerEnsembleModel,TabularNeuralNetTorchModel,f1_macro,"{'use_orig_features': True, 'valid_stacker': True, 'max_base_models': 0, 'max_base_models_per_type': 'auto', 'save_bag_folds': True, 'stratify': 'auto', 'bin': 'auto', 'n_bins': None, 'vary_seed_across_folds': False, 'model_random_seed': 0}",{},"{'max_memory_usage_ratio': 1.0, 'max_time_limit_ratio': 1.0, 'max_time_limit': None, 'min_time_limit': 0, 'valid_raw_types': None, 'valid_special_types': None, 'ignored_type_group_special': None, 'ignored_type_group_raw': None, 'get_features_kwargs': None, 'get_features_kwargs_extra': None, 'predict_1_batch_size': None, 'temperature_scalar': None, 'drop_unique': False}","['NeuralNetFastAI_BAG_L1_0', 'diag_2_category', 'CatBoost_r177_BAG_L1_2', 'NeuralNetFastAI_BAG_L1_1', 'ExtraTreesGini_BAG_L1_1', 'CatBoost_BAG_L1_2', 'NeuralNetTorch_BAG_L1_1', 'admission_type_id', 'RandomForestEntr_BAG_L1_1', 'NeuralNetTorch_BAG_L1_2', 'CatBoost_r177_BAG_L1_0', 'change', 'LightGBMXT_BAG_L1_0', 'med_per_day', 'number_inpatient', 'medical_specialty', 'max_glu_serum', 'LightGBM_BAG_L1_0', 'number_emergency', 'diag_3_category', 'RandomForestEntr_BAG_L1_2', 'XGBoost_BAG_L1_1', 'num_medications', 'discharge_disposition_id', 'num_steady_meds', 'num_active_meds', 'number_diagnoses', 'LightGBM_BAG_L1_1', 'number_outpatient', 'inpatient_plus_time', 'admission_source_id', 'NeuralNetTorch_BAG_L1_0', 'LightGBMLarge_BAG_L1_2', 'CatBoost_r177_BAG_L1_1', 'XGBoost_BAG_L1_2', 'RandomForestGini_BAG_L1_0', 'ExtraTreesGini_BAG_L1_2', 'LightGBMLarge_BAG_L1_1', 'ExtraTreesEntr_BAG_L1_1', 'NeuralNetTorch_r79_BAG_L1_2', 'diabetesMed', 'LightGBMXT_BAG_L1_2', 'num_lab_procedures', 'RandomForestGini_BAG_L1_2', 'LightGBMXT_BAG_L1_1', 'num_prior_encounters', 'NeuralNetTorch_r79_BAG_L1_1', 'age', 'total_visits', 'CatBoost_BAG_L1_0', 'ExtraTreesEntr_BAG_L1_0', 'ExtraTreesEntr_BAG_L1_2', 'NeuralNetTorch_r79_BAG_L1_0', 'race', 'A1Cresult', 'RandomForestEntr_BAG_L1_0', 'LightGBMLarge_BAG_L1_0', 'XGBoost_BAG_L1_0', 'CatBoost_BAG_L1_1', 'gender', 'time_in_hospital', 'insulin', 'ExtraTreesGini_BAG_L1_0', 'num_procedures', 'RandomForestGini_BAG_L1_1', 'diag_1_category', 'NeuralNetFastAI_BAG_L1_2', 'LightGBM_BAG_L1_2']",,"{'num_epochs': 1000, 'epochs_wo_improve': None, 'activation': 'elu', 'embedding_size_factor': 1.0, 'embed_exponent': 0.56, 'max_embedding_dim': 100, 'y_range': None, 'y_range_extend': 0.05, 'dropout_prob': 0.10077639529843717, 'optimizer': 'adam', 'learning_rate': 0.002735937344002146, 'weight_decay': 1.356433327634438e-12, 'proc.embed_min_categories': 4, 'proc.impute_strategy': 'median', 'proc.max_category_levels': 100, 'proc.skew_threshold': 0.99, 'use_ngram_features': False, 'num_layers': 4, 'hidden_size': 108, 'max_batch_size': 512, 'use_batchnorm': True, 'loss_function': 'auto', 'seed_value': 0}","{'batch_size': 128, 'num_epochs': 28}","{'max_memory_usage_ratio': 1.0, 'max_time_limit_ratio': 1.0, 'max_time_limit': None, 'min_time_limit': 0, 'valid_raw_types': ['bool', 'int', 'float', 'category'], 'valid_special_types': None, 'ignored_type_group_special': ['text_ngram', 'text_as_category'], 'ignored_type_group_raw': None, 'get_features_kwargs': None, 'get_features_kwargs_extra': None, 'predict_1_batch_size': None, 'temperature_scalar': None}","['CatBoost_BAG_L1', 'LightGBMXT_BAG_L1', 'RandomForestGini_BAG_L1', 'ExtraTreesGini_BAG_L1', 'XGBoost_BAG_L1', 'NeuralNetFastAI_BAG_L1', 'ExtraTreesEntr_BAG_L1', 'RandomForestEntr_BAG_L1', 'CatBoost_r177_BAG_L1', 'LightGBM_BAG_L1', 'NeuralNetTorch_r79_BAG_L1', 'LightGBMLarge_BAG_L1', 'NeuralNetTorch_BAG_L1']",[]
NeuralNetTorch_BAG_L1,0.5491903010854514,0.7101986754966887,0.5477377636419367,0.616289871137432,0.5477377636419367,0.7701684321027112,0.5442963708906826,f1_macro,0.6975760459899902,0.29653406143188477,163.97795033454895,0.6975760459899902,0.29653406143188477,163.97795033454895,1,True,10,29,8,8,2891154,2891154,365284,365284,0,16,StackerEnsembleModel,TabularNeuralNetTorchModel,f1_macro,"{'use_orig_features': True, 'valid_stacker': True, 'max_base_models': 0, 'max_base_models_per_type': 'auto', 'save_bag_folds': True, 'stratify': 'auto', 'bin': 'auto', 'n_bins': None, 'vary_seed_across_folds': False, 'model_random_seed': 0}",{},"{'max_memory_usage_ratio': 1.0, 'max_time_limit_ratio': 1.0, 'max_time_limit': None, 'min_time_limit': 0, 'valid_raw_types': None, 'valid_special_types': None, 'ignored_type_group_special': None, 'ignored_type_group_raw': None, 'get_features_kwargs': None, 'get_features_kwargs_extra': None, 'predict_1_batch_size': None, 'temperature_scalar': None, 'drop_unique': False}","['admission_type_id', 'max_glu_serum', 'diag_2_category', 'med_per_day', 'change', 'number_inpatient', 'number_emergency', 'diag_3_category', 'num_medications', 'discharge_disposition_id', 'num_steady_meds', 'num_active_meds', 'number_diagnoses', 'number_outpatient', 'inpatient_plus_time', 'admission_source_id', 'race', 'diabetesMed', 'medical_specialty', 'total_visits', 'num_lab_procedures', 'insulin', 'num_prior_encounters', 'age', 'A1Cresult', 'gender', 'time_in_hospital', 'num_procedures', 'diag_1_category']",,"{'num_epochs': 1000, 'epochs_wo_improve': None, 'activation': 'relu', 'embedding_size_factor': 1.0, 'embed_exponent': 0.56, 'max_embedding_dim': 100, 'y_range': None, 'y_range_extend': 0.05, 'dropout_prob': 0.1, 'optimizer': 'adam', 'learning_rate': 0.0003, 'weight_decay': 1e-06, 'proc.embed_min_categories': 4, 'proc.impute_strategy': 'median', 'proc.max_category_levels': 100, 'proc.skew_threshold': 0.99, 'use_ngram_features': False, 'num_layers': 4, 'hidden_size': 128, 'max_batch_size': 512, 'use_batchnorm': False, 'loss_function': 'auto', 'seed_value': 0}","{'batch_size': 128, 'num_epochs': 62}","{'max_memory_usage_ratio': 1.0, 'max_time_limit_ratio': 1.0, 'max_time_limit': None, 'min_time_limit': 0, 'valid_raw_types': ['bool', 'int', 'float', 'category'], 'valid_special_types': None, 'ignored_type_group_special': ['text_ngram', 'text_as_category'], 'ignored_type_group_raw': None, 'get_features_kwargs': None, 'get_features_kwargs_extra': None, 'predict_1_batch_size': None, 'temperature_scalar': None}",[],"['WeightedEnsemble_L3', 'ExtraTreesGini_BAG_L2', 'RandomForestGini_BAG_L2', 'LightGBMXT_BAG_L2', 'CatBoost_BAG_L2', 'LightGBM_BAG_L2', 'XGBoost_BAG_L2', 'LightGBMLarge_BAG_L2', 'LightGBM_r131_BAG_L2', 'NeuralNetTorch_BAG_L2', 'CatBoost_r177_BAG_L2', 'NeuralNetTorch_r79_BAG_L2', 'NeuralNetFastAI_BAG_L2', 'ExtraTreesEntr_BAG_L2', 'RandomForestEntr_BAG_L2', 'NeuralNetFastAI_r191_BAG_L2']"
NeuralNetTorch_BAG_L2,0.5476807885807324,0.7168211920529801,0.5484178346291539,0.6350170491329608,0.5484178346291539,0.7768581780993217,0.5463736234235808,f1_macro,15.634751319885254,40.35576581954956,1843.6274893283844,0.9208030700683594,0.42784595489501953,97.78718209266663,2,True,24,68,8,84,3542840,3456118820,450995,792084509,13,1,StackerEnsembleModel,TabularNeuralNetTorchModel,f1_macro,"{'use_orig_features': True, 'valid_stacker': True, 'max_base_models': 0, 'max_base_models_per_type': 'auto', 'save_bag_folds': True, 'stratify': 'auto', 'bin': 'auto', 'n_bins': None, 'vary_seed_across_folds': False, 'model_random_seed': 0}",{},"{'max_memory_usage_ratio': 1.0, 'max_time_limit_ratio': 1.0, 'max_time_limit': None, 'min_time_limit': 0, 'valid_raw_types': None, 'valid_special_types': None, 'ignored_type_group_special': None, 'ignored_type_group_raw': None, 'get_features_kwargs': None, 'get_features_kwargs_extra': None, 'predict_1_batch_size': None, 'temperature_scalar': None, 'drop_unique': False}","['NeuralNetFastAI_BAG_L1_0', 'diag_2_category', 'CatBoost_r177_BAG_L1_2', 'NeuralNetFastAI_BAG_L1_1', 'ExtraTreesGini_BAG_L1_1', 'CatBoost_BAG_L1_2', 'NeuralNetTorch_BAG_L1_1', 'admission_type_id', 'RandomForestEntr_BAG_L1_1', 'NeuralNetTorch_BAG_L1_2', 'CatBoost_r177_BAG_L1_0', 'change', 'LightGBMXT_BAG_L1_0', 'med_per_day', 'number_inpatient', 'medical_specialty', 'max_glu_serum', 'LightGBM_BAG_L1_0', 'number_emergency', 'diag_3_category', 'RandomForestEntr_BAG_L1_2', 'XGBoost_BAG_L1_1', 'num_medications', 'discharge_disposition_id', 'num_steady_meds', 'num_active_meds', 'number_diagnoses', 'LightGBM_BAG_L1_1', 'number_outpatient', 'inpatient_plus_time', 'admission_source_id', 'NeuralNetTorch_BAG_L1_0', 'LightGBMLarge_BAG_L1_2', 'CatBoost_r177_BAG_L1_1', 'XGBoost_BAG_L1_2', 'RandomForestGini_BAG_L1_0', 'ExtraTreesGini_BAG_L1_2', 'LightGBMLarge_BAG_L1_1', 'ExtraTreesEntr_BAG_L1_1', 'NeuralNetTorch_r79_BAG_L1_2', 'diabetesMed', 'LightGBMXT_BAG_L1_2', 'num_lab_procedures', 'RandomForestGini_BAG_L1_2', 'LightGBMXT_BAG_L1_1', 'num_prior_encounters', 'NeuralNetTorch_r79_BAG_L1_1', 'age', 'total_visits', 'CatBoost_BAG_L1_0', 'ExtraTreesEntr_BAG_L1_0', 'ExtraTreesEntr_BAG_L1_2', 'NeuralNetTorch_r79_BAG_L1_0', 'race', 'A1Cresult', 'RandomForestEntr_BAG_L1_0', 'LightGBMLarge_BAG_L1_0', 'XGBoost_BAG_L1_0', 'CatBoost_BAG_L1_1', 'gender', 'time_in_hospital', 'insulin', 'ExtraTreesGini_BAG_L1_0', 'num_procedures', 'RandomForestGini_BAG_L1_1', 'diag_1_category', 'NeuralNetFastAI_BAG_L1_2', 'LightGBM_BAG_L1_2']",,"{'num_epochs': 1000, 'epochs_wo_improve': None, 'activation': 'relu', 'embedding_size_factor': 1.0, 'embed_exponent': 0.56, 'max_embedding_dim': 100, 'y_range': None, 'y_range_extend': 0.05, 'dropout_prob': 0.1, 'optimizer': 'adam', 'learning_rate': 0.0003, 'weight_decay': 1e-06, 'proc.embed_min_categories': 4, 'proc.impute_strategy': 'median', 'proc.max_category_levels': 100, 'proc.skew_threshold': 0.99, 'use_ngram_features': False, 'num_layers': 4, 'hidden_size': 128, 'max_batch_size': 512, 'use_batchnorm': False, 'loss_function': 'auto', 'seed_value': 0}","{'batch_size': 128, 'num_epochs': 27}","{'max_memory_usage_ratio': 1.0, 'max_time_limit_ratio': 1.0, 'max_time_limit': None, 'min_time_limit': 0, 'valid_raw_types': ['bool', 'int', 'float', 'category'], 'valid_special_types': None, 'ignored_type_group_special': ['text_ngram', 'text_as_category'], 'ignored_type_group_raw': None, 'get_features_kwargs': None, 'get_features_kwargs_extra': None, 'predict_1_batch_size': None, 'temperature_scalar': None}","['CatBoost_BAG_L1', 'LightGBMXT_BAG_L1', 'RandomForestGini_BAG_L1', 'ExtraTreesGini_BAG_L1', 'XGBoost_BAG_L1', 'NeuralNetFastAI_BAG_L1', 'ExtraTreesEntr_BAG_L1', 'RandomForestEntr_BAG_L1', 'CatBoost_r177_BAG_L1', 'LightGBM_BAG_L1', 'NeuralNetTorch_r79_BAG_L1', 'LightGBMLarge_BAG_L1', 'NeuralNetTorch_BAG_L1']",['WeightedEnsemble_L3']
NeuralNetFastAI_BAG_L1,0.5413839944106499,0.7183046357615894,0.5454386043220384,0.6422262544320912,0.5454386043220384,0.7778903159897812,0.5420078934807232,f1_macro,0.9605178833007812,0.46924614906311035,42.16967988014221,0.9605178833007812,0.46924614906311035,42.16967988014221,1,True,1,29,8,8,3686774,3686774,471309,471309,0,17,StackerEnsembleModel,NNFastAiTabularModel,f1_macro,"{'use_orig_features': True, 'valid_stacker': True, 'max_base_models': 0, 'max_base_models_per_type': 'auto', 'save_bag_folds': True, 'stratify': 'auto', 'bin': 'auto', 'n_bins': None, 'vary_seed_across_folds': False, 'model_random_seed': 0}",{},"{'max_memory_usage_ratio': 1.0, 'max_time_limit_ratio': 1.0, 'max_time_limit': None, 'min_time_limit': 0, 'valid_raw_types': None, 'valid_special_types': None, 'ignored_type_group_special': None, 'ignored_type_group_raw': None, 'get_features_kwargs': None, 'get_features_kwargs_extra': None, 'predict_1_batch_size': None, 'temperature_scalar': None, 'drop_unique': False}","['admission_type_id', 'max_glu_serum', 'diag_2_category', 'med_per_day', 'change', 'number_inpatient', 'number_emergency', 'diag_3_category', 'num_medications', 'discharge_disposition_id', 'num_steady_meds', 'num_active_meds', 'number_diagnoses', 'number_outpatient', 'inpatient_plus_time', 'admission_source_id', 'race', 'diabetesMed', 'medical_specialty', 'total_visits', 'num_lab_procedures', 'insulin', 'num_prior_encounters', 'age', 'A1Cresult', 'gender', 'time_in_hospital', 'num_procedures', 'diag_1_category']",,"{'layers': None, 'emb_drop': 0.1, 'ps': 0.1, 'bs': 'auto', 'lr': 0.01, 'epochs': 'auto', 'early.stopping.min_delta': 0.0001, 'early.stopping.patience': 20, 'smoothing': 0.0, 'random_seed': 0}","{'epochs': 30, 'best_epoch': 17}","{'max_memory_usage_ratio': 1.0, 'max_time_limit_ratio': 1.0, 'max_time_limit': None, 'min_time_limit': 0, 'valid_raw_types': ['bool', 'int', 'float', 'category'], 'valid_special_types': None, 'ignored_type_group_special': ['text_ngram', 'text_as_category'], 'ignored_type_group_raw': None, 'get_features_kwargs': None, 'get_features_kwargs_extra': None, 'predict_1_batch_size': None, 'temperature_scalar': None}",[],"['WeightedEnsemble_L3', 'ExtraTreesGini_BAG_L2', 'RandomForestGini_BAG_L2', 'LightGBMXT_BAG_L2', 'WeightedEnsemble_L2', 'LightGBM_BAG_L2', 'CatBoost_BAG_L2', 'XGBoost_BAG_L2', 'LightGBMLarge_BAG_L2', 'LightGBM_r131_BAG_L2', 'NeuralNetTorch_BAG_L2', 'CatBoost_r177_BAG_L2', 'NeuralNetTorch_r79_BAG_L2', 'NeuralNetFastAI_BAG_L2', 'ExtraTreesEntr_BAG_L2', 'RandomForestEntr_BAG_L2', 'NeuralNetFastAI_r191_BAG_L2']"
ExtraTreesGini_BAG_L2,0.5361941707523807,0.7176688741721854,0.5430541035640103,0.6498782896489481,0.5430541035640103,0.7750823960371539,0.5337153595276768,f1_macro,15.26036024093628,42.372198820114136,1750.1295111179352,0.5464119911193848,2.4442789554595947,4.289203882217407,2,True,21,68,1,77,792091668,4244667648,792091668,792091668,13,0,StackerEnsembleModel,XTModel,f1_macro,"{'use_orig_features': True, 'valid_stacker': True, 'max_base_models': 0, 'max_base_models_per_type': 'auto', 'save_bag_folds': True, 'stratify': 'auto', 'bin': 'auto', 'n_bins': None, 'vary_seed_across_folds': False, 'use_child_oof': True, 'model_random_seed': 0}",{},"{'max_memory_usage_ratio': 1.0, 'max_time_limit_ratio': 1.0, 'max_time_limit': None, 'min_time_limit': 0, 'valid_raw_types': None, 'valid_special_types': None, 'ignored_type_group_special': None, 'ignored_type_group_raw': None, 'get_features_kwargs': None, 'get_features_kwargs_extra': None, 'predict_1_batch_size': None, 'temperature_scalar': None, 'drop_unique': False}","['NeuralNetFastAI_BAG_L1_0', 'diag_2_category', 'CatBoost_r177_BAG_L1_2', 'NeuralNetFastAI_BAG_L1_1', 'ExtraTreesGini_BAG_L1_1', 'CatBoost_BAG_L1_2', 'NeuralNetTorch_BAG_L1_1', 'admission_type_id', 'RandomForestEntr_BAG_L1_1', 'NeuralNetTorch_BAG_L1_2', 'CatBoost_r177_BAG_L1_0', 'change', 'LightGBMXT_BAG_L1_0', 'med_per_day', 'number_inpatient', 'medical_specialty', 'max_glu_serum', 'LightGBM_BAG_L1_0', 'number_emergency', 'diag_3_category', 'RandomForestEntr_BAG_L1_2', 'XGBoost_BAG_L1_1', 'num_medications', 'discharge_disposition_id', 'num_steady_meds', 'num_active_meds', 'number_diagnoses', 'LightGBM_BAG_L1_1', 'number_outpatient', 'inpatient_plus_time', 'admission_source_id', 'NeuralNetTorch_BAG_L1_0', 'LightGBMLarge_BAG_L1_2', 'CatBoost_r177_BAG_L1_1', 'XGBoost_BAG_L1_2', 'RandomForestGini_BAG_L1_0', 'ExtraTreesGini_BAG_L1_2', 'LightGBMLarge_BAG_L1_1', 'ExtraTreesEntr_BAG_L1_1', 'NeuralNetTorch_r79_BAG_L1_2', 'diabetesMed', 'LightGBMXT_BAG_L1_2', 'num_lab_procedures', 'RandomForestGini_BAG_L1_2', 'LightGBMXT_BAG_L1_1', 'num_prior_encounters', 'NeuralNetTorch_r79_BAG_L1_1', 'age', 'total_visits', 'CatBoost_BAG_L1_0', 'ExtraTreesEntr_BAG_L1_0', 'ExtraTreesEntr_BAG_L1_2', 'NeuralNetTorch_r79_BAG_L1_0', 'race', 'A1Cresult', 'RandomForestEntr_BAG_L1_0', 'LightGBMLarge_BAG_L1_0', 'XGBoost_BAG_L1_0', 'CatBoost_BAG_L1_1', 'gender', 'time_in_hospital', 'insulin', 'ExtraTreesGini_BAG_L1_0', 'num_procedures', 'RandomForestGini_BAG_L1_1', 'diag_1_category', 'NeuralNetFastAI_BAG_L1_2', 'LightGBM_BAG_L1_2']",,"{'n_estimators': 300, 'max_leaf_nodes': 15000, 'n_jobs': -1, 'bootstrap': True, 'criterion': 'gini', 'random_state': 0}",{'n_estimators': 300},"{'max_memory_usage_ratio': 1.0, 'max_time_limit_ratio': 1.0, 'max_time_limit': None, 'min_time_limit': 0, 'valid_raw_types': ['bool', 'int', 'float', 'category'], 'valid_special_types': None, 'ignored_type_group_special': None, 'ignored_type_group_raw': None, 'get_features_kwargs': None, 'get_features_kwargs_extra': None, 'predict_1_batch_size': None, 'temperature_scalar': None}","['CatBoost_BAG_L1', 'LightGBMXT_BAG_L1', 'RandomForestGini_BAG_L1', 'ExtraTreesGini_BAG_L1', 'XGBoost_BAG_L1', 'NeuralNetFastAI_BAG_L1', 'ExtraTreesEntr_BAG_L1', 'RandomForestEntr_BAG_L1', 'CatBoost_r177_BAG_L1', 'LightGBM_BAG_L1', 'NeuralNetTorch_r79_BAG_L1', 'LightGBMLarge_BAG_L1', 'NeuralNetTorch_BAG_L1']",[]
RandomForestGini_BAG_L2,0.5330718029098652,0.7167152317880795,0.5411724381408878,0.6316795526002235,0.5411724381408878,0.7725048045073315,0.5237870856283192,f1_macro,15.199219226837158,42.37883996963501,1767.8660390377045,0.48527097702026367,2.4509201049804688,22.025731801986694,2,True,18,68,1,77,664589534,4117165514,664589534,792084509,13,0,StackerEnsembleModel,RFModel,f1_macro,"{'use_orig_features': True, 'valid_stacker': True, 'max_base_models': 0, 'max_base_models_per_type': 'auto', 'save_bag_folds': True, 'stratify': 'auto', 'bin': 'auto', 'n_bins': None, 'vary_seed_across_folds': False, 'use_child_oof': True, 'model_random_seed': 0}",{},"{'max_memory_usage_ratio': 1.0, 'max_time_limit_ratio': 1.0, 'max_time_limit': None, 'min_time_limit': 0, 'valid_raw_types': None, 'valid_special_types': None, 'ignored_type_group_special': None, 'ignored_type_group_raw': None, 'get_features_kwargs': None, 'get_features_kwargs_extra': None, 'predict_1_batch_size': None, 'temperature_scalar': None, 'drop_unique': False}","['NeuralNetFastAI_BAG_L1_0', 'diag_2_category', 'CatBoost_r177_BAG_L1_2', 'NeuralNetFastAI_BAG_L1_1', 'ExtraTreesGini_BAG_L1_1', 'CatBoost_BAG_L1_2', 'NeuralNetTorch_BAG_L1_1', 'admission_type_id', 'RandomForestEntr_BAG_L1_1', 'NeuralNetTorch_BAG_L1_2', 'CatBoost_r177_BAG_L1_0', 'change', 'LightGBMXT_BAG_L1_0', 'med_per_day', 'number_inpatient', 'medical_specialty', 'max_glu_serum', 'LightGBM_BAG_L1_0', 'number_emergency', 'diag_3_category', 'RandomForestEntr_BAG_L1_2', 'XGBoost_BAG_L1_1', 'num_medications', 'discharge_disposition_id', 'num_steady_meds', 'num_active_meds', 'number_diagnoses', 'LightGBM_BAG_L1_1', 'number_outpatient', 'inpatient_plus_time', 'admission_source_id', 'NeuralNetTorch_BAG_L1_0', 'LightGBMLarge_BAG_L1_2', 'CatBoost_r177_BAG_L1_1', 'XGBoost_BAG_L1_2', 'RandomForestGini_BAG_L1_0', 'ExtraTreesGini_BAG_L1_2', 'LightGBMLarge_BAG_L1_1', 'ExtraTreesEntr_BAG_L1_1', 'NeuralNetTorch_r79_BAG_L1_2', 'diabetesMed', 'LightGBMXT_BAG_L1_2', 'num_lab_procedures', 'RandomForestGini_BAG_L1_2', 'LightGBMXT_BAG_L1_1', 'num_prior_encounters', 'NeuralNetTorch_r79_BAG_L1_1', 'age', 'total_visits', 'CatBoost_BAG_L1_0', 'ExtraTreesEntr_BAG_L1_0', 'ExtraTreesEntr_BAG_L1_2', 'NeuralNetTorch_r79_BAG_L1_0', 'race', 'A1Cresult', 'RandomForestEntr_BAG_L1_0', 'LightGBMLarge_BAG_L1_0', 'XGBoost_BAG_L1_0', 'CatBoost_BAG_L1_1', 'gender', 'time_in_hospital', 'insulin', 'ExtraTreesGini_BAG_L1_0', 'num_procedures', 'RandomForestGini_BAG_L1_1', 'diag_1_category', 'NeuralNetFastAI_BAG_L1_2', 'LightGBM_BAG_L1_2']",,"{'n_estimators': 300, 'max_leaf_nodes': 15000, 'n_jobs': -1, 'bootstrap': True, 'criterion': 'gini', 'random_state': 0}",{'n_estimators': 300},"{'max_memory_usage_ratio': 1.0, 'max_time_limit_ratio': 1.0, 'max_time_limit': None, 'min_time_limit': 0, 'valid_raw_types': ['bool', 'int', 'float', 'category'], 'valid_special_types': None, 'ignored_type_group_special': None, 'ignored_type_group_raw': None, 'get_features_kwargs': None, 'get_features_kwargs_extra': None, 'predict_1_batch_size': None, 'temperature_scalar': None}","['CatBoost_BAG_L1', 'LightGBMXT_BAG_L1', 'RandomForestGini_BAG_L1', 'ExtraTreesGini_BAG_L1', 'XGBoost_BAG_L1', 'NeuralNetFastAI_BAG_L1', 'ExtraTreesEntr_BAG_L1', 'RandomForestEntr_BAG_L1', 'CatBoost_r177_BAG_L1', 'LightGBM_BAG_L1', 'NeuralNetTorch_r79_BAG_L1', 'LightGBMLarge_BAG_L1', 'NeuralNetTorch_BAG_L1']",[]
RandomForestEntr_BAG_L2,0.5287339170170405,0.7164503311258278,0.5388319613926308,0.6434260109009969,0.5388319613926308,0.7725331634387204,0.527643504103009,f1_macro,15.179383277893066,42.587798833847046,1771.6658499240875,0.4654350280761719,2.659878969192505,25.82554268836975,2,True,19,68,1,77,636477414,4089053394,636477414,792084509,13,0,StackerEnsembleModel,RFModel,f1_macro,"{'use_orig_features': True, 'valid_stacker': True, 'max_base_models': 0, 'max_base_models_per_type': 'auto', 'save_bag_folds': True, 'stratify': 'auto', 'bin': 'auto', 'n_bins': None, 'vary_seed_across_folds': False, 'use_child_oof': True, 'model_random_seed': 0}",{},"{'max_memory_usage_ratio': 1.0, 'max_time_limit_ratio': 1.0, 'max_time_limit': None, 'min_time_limit': 0, 'valid_raw_types': None, 'valid_special_types': None, 'ignored_type_group_special': None, 'ignored_type_group_raw': None, 'get_features_kwargs': None, 'get_features_kwargs_extra': None, 'predict_1_batch_size': None, 'temperature_scalar': None, 'drop_unique': False}","['NeuralNetFastAI_BAG_L1_0', 'diag_2_category', 'CatBoost_r177_BAG_L1_2', 'NeuralNetFastAI_BAG_L1_1', 'ExtraTreesGini_BAG_L1_1', 'CatBoost_BAG_L1_2', 'NeuralNetTorch_BAG_L1_1', 'admission_type_id', 'RandomForestEntr_BAG_L1_1', 'NeuralNetTorch_BAG_L1_2', 'CatBoost_r177_BAG_L1_0', 'change', 'LightGBMXT_BAG_L1_0', 'med_per_day', 'number_inpatient', 'medical_specialty', 'max_glu_serum', 'LightGBM_BAG_L1_0', 'number_emergency', 'diag_3_category', 'RandomForestEntr_BAG_L1_2', 'XGBoost_BAG_L1_1', 'num_medications', 'discharge_disposition_id', 'num_steady_meds', 'num_active_meds', 'number_diagnoses', 'LightGBM_BAG_L1_1', 'number_outpatient', 'inpatient_plus_time', 'admission_source_id', 'NeuralNetTorch_BAG_L1_0', 'LightGBMLarge_BAG_L1_2', 'CatBoost_r177_BAG_L1_1', 'XGBoost_BAG_L1_2', 'RandomForestGini_BAG_L1_0', 'ExtraTreesGini_BAG_L1_2', 'LightGBMLarge_BAG_L1_1', 'ExtraTreesEntr_BAG_L1_1', 'NeuralNetTorch_r79_BAG_L1_2', 'diabetesMed', 'LightGBMXT_BAG_L1_2', 'num_lab_procedures', 'RandomForestGini_BAG_L1_2', 'LightGBMXT_BAG_L1_1', 'num_prior_encounters', 'NeuralNetTorch_r79_BAG_L1_1', 'age', 'total_visits', 'CatBoost_BAG_L1_0', 'ExtraTreesEntr_BAG_L1_0', 'ExtraTreesEntr_BAG_L1_2', 'NeuralNetTorch_r79_BAG_L1_0', 'race', 'A1Cresult', 'RandomForestEntr_BAG_L1_0', 'LightGBMLarge_BAG_L1_0', 'XGBoost_BAG_L1_0', 'CatBoost_BAG_L1_1', 'gender', 'time_in_hospital', 'insulin', 'ExtraTreesGini_BAG_L1_0', 'num_procedures', 'RandomForestGini_BAG_L1_1', 'diag_1_category', 'NeuralNetFastAI_BAG_L1_2', 'LightGBM_BAG_L1_2']",,"{'n_estimators': 300, 'max_leaf_nodes': 15000, 'n_jobs': -1, 'bootstrap': True, 'criterion': 'entropy', 'random_state': 0}",{'n_estimators': 300},"{'max_memory_usage_ratio': 1.0, 'max_time_limit_ratio': 1.0, 'max_time_limit': None, 'min_time_limit': 0, 'valid_raw_types': ['bool', 'int', 'float', 'category'], 'valid_special_types': None, 'ignored_type_group_special': None, 'ignored_type_group_raw': None, 'get_features_kwargs': None, 'get_features_kwargs_extra': None, 'predict_1_batch_size': None, 'temperature_scalar': None}","['CatBoost_BAG_L1', 'LightGBMXT_BAG_L1', 'RandomForestGini_BAG_L1', 'ExtraTreesGini_BAG_L1', 'XGBoost_BAG_L1', 'NeuralNetFastAI_BAG_L1', 'ExtraTreesEntr_BAG_L1', 'RandomForestEntr_BAG_L1', 'CatBoost_r177_BAG_L1', 'LightGBM_BAG_L1', 'NeuralNetTorch_r79_BAG_L1', 'LightGBMLarge_BAG_L1', 'NeuralNetTorch_BAG_L1']",[]
ExtraTreesEntr_BAG_L2,0.528529242429026,0.7175629139072848,0.5395083767733144,0.6580671025315566,0.5395083767733144,0.7746041051537799,0.526357649241759,f1_macro,15.247348308563232,42.55191397666931,1750.6715631484985,0.5334000587463379,2.6239941120147705,4.831255912780762,2,True,22,68,1,77,792091676,4244667656,792091676,792091676,13,0,StackerEnsembleModel,XTModel,f1_macro,"{'use_orig_features': True, 'valid_stacker': True, 'max_base_models': 0, 'max_base_models_per_type': 'auto', 'save_bag_folds': True, 'stratify': 'auto', 'bin': 'auto', 'n_bins': None, 'vary_seed_across_folds': False, 'use_child_oof': True, 'model_random_seed': 0}",{},"{'max_memory_usage_ratio': 1.0, 'max_time_limit_ratio': 1.0, 'max_time_limit': None, 'min_time_limit': 0, 'valid_raw_types': None, 'valid_special_types': None, 'ignored_type_group_special': None, 'ignored_type_group_raw': None, 'get_features_kwargs': None, 'get_features_kwargs_extra': None, 'predict_1_batch_size': None, 'temperature_scalar': None, 'drop_unique': False}","['NeuralNetFastAI_BAG_L1_0', 'diag_2_category', 'CatBoost_r177_BAG_L1_2', 'NeuralNetFastAI_BAG_L1_1', 'ExtraTreesGini_BAG_L1_1', 'CatBoost_BAG_L1_2', 'NeuralNetTorch_BAG_L1_1', 'admission_type_id', 'RandomForestEntr_BAG_L1_1', 'NeuralNetTorch_BAG_L1_2', 'CatBoost_r177_BAG_L1_0', 'change', 'LightGBMXT_BAG_L1_0', 'med_per_day', 'number_inpatient', 'medical_specialty', 'max_glu_serum', 'LightGBM_BAG_L1_0', 'number_emergency', 'diag_3_category', 'RandomForestEntr_BAG_L1_2', 'XGBoost_BAG_L1_1', 'num_medications', 'discharge_disposition_id', 'num_steady_meds', 'num_active_meds', 'number_diagnoses', 'LightGBM_BAG_L1_1', 'number_outpatient', 'inpatient_plus_time', 'admission_source_id', 'NeuralNetTorch_BAG_L1_0', 'LightGBMLarge_BAG_L1_2', 'CatBoost_r177_BAG_L1_1', 'XGBoost_BAG_L1_2', 'RandomForestGini_BAG_L1_0', 'ExtraTreesGini_BAG_L1_2', 'LightGBMLarge_BAG_L1_1', 'ExtraTreesEntr_BAG_L1_1', 'NeuralNetTorch_r79_BAG_L1_2', 'diabetesMed', 'LightGBMXT_BAG_L1_2', 'num_lab_procedures', 'RandomForestGini_BAG_L1_2', 'LightGBMXT_BAG_L1_1', 'num_prior_encounters', 'NeuralNetTorch_r79_BAG_L1_1', 'age', 'total_visits', 'CatBoost_BAG_L1_0', 'ExtraTreesEntr_BAG_L1_0', 'ExtraTreesEntr_BAG_L1_2', 'NeuralNetTorch_r79_BAG_L1_0', 'race', 'A1Cresult', 'RandomForestEntr_BAG_L1_0', 'LightGBMLarge_BAG_L1_0', 'XGBoost_BAG_L1_0', 'CatBoost_BAG_L1_1', 'gender', 'time_in_hospital', 'insulin', 'ExtraTreesGini_BAG_L1_0', 'num_procedures', 'RandomForestGini_BAG_L1_1', 'diag_1_category', 'NeuralNetFastAI_BAG_L1_2', 'LightGBM_BAG_L1_2']",,"{'n_estimators': 300, 'max_leaf_nodes': 15000, 'n_jobs': -1, 'bootstrap': True, 'criterion': 'entropy', 'random_state': 0}",{'n_estimators': 300},"{'max_memory_usage_ratio': 1.0, 'max_time_limit_ratio': 1.0, 'max_time_limit': None, 'min_time_limit': 0, 'valid_raw_types': ['bool', 'int', 'float', 'category'], 'valid_special_types': None, 'ignored_type_group_special': None, 'ignored_type_group_raw': None, 'get_features_kwargs': None, 'get_features_kwargs_extra': None, 'predict_1_batch_size': None, 'temperature_scalar': None}","['CatBoost_BAG_L1', 'LightGBMXT_BAG_L1', 'RandomForestGini_BAG_L1', 'ExtraTreesGini_BAG_L1', 'XGBoost_BAG_L1', 'NeuralNetFastAI_BAG_L1', 'ExtraTreesEntr_BAG_L1', 'RandomForestEntr_BAG_L1', 'CatBoost_r177_BAG_L1', 'LightGBM_BAG_L1', 'NeuralNetTorch_r79_BAG_L1', 'LightGBMLarge_BAG_L1', 'NeuralNetTorch_BAG_L1']",[]
NeuralNetTorch_r79_BAG_L1,0.5221788461667055,0.7105165562913908,0.532932617408405,0.6329845075287149,0.532932617408405,0.7705794276475674,0.5255790846961901,f1_macro,0.8988828659057617,0.5023715496063232,16.328125,0.8988828659057617,0.5023715496063232,16.328125,1,True,13,29,8,8,2491447,2491447,315330,315330,0,17,StackerEnsembleModel,TabularNeuralNetTorchModel,f1_macro,"{'use_orig_features': True, 'valid_stacker': True, 'max_base_models': 0, 'max_base_models_per_type': 'auto', 'save_bag_folds': True, 'stratify': 'auto', 'bin': 'auto', 'n_bins': None, 'vary_seed_across_folds': False, 'model_random_seed': 0}",{},"{'max_memory_usage_ratio': 1.0, 'max_time_limit_ratio': 1.0, 'max_time_limit': None, 'min_time_limit': 0, 'valid_raw_types': None, 'valid_special_types': None, 'ignored_type_group_special': None, 'ignored_type_group_raw': None, 'get_features_kwargs': None, 'get_features_kwargs_extra': None, 'predict_1_batch_size': None, 'temperature_scalar': None, 'drop_unique': False}","['admission_type_id', 'max_glu_serum', 'diag_2_category', 'med_per_day', 'change', 'number_inpatient', 'number_emergency', 'diag_3_category', 'num_medications', 'discharge_disposition_id', 'num_steady_meds', 'num_active_meds', 'number_diagnoses', 'number_outpatient', 'inpatient_plus_time', 'admission_source_id', 'race', 'diabetesMed', 'medical_specialty', 'total_visits', 'num_lab_procedures', 'insulin', 'num_prior_encounters', 'age', 'A1Cresult', 'gender', 'time_in_hospital', 'num_procedures', 'diag_1_category']",,"{'num_epochs': 1000, 'epochs_wo_improve': None, 'activation': 'elu', 'embedding_size_factor': 1.0, 'embed_exponent': 0.56, 'max_embedding_dim': 100, 'y_range': None, 'y_range_extend': 0.05, 'dropout_prob': 0.10077639529843717, 'optimizer': 'adam', 'learning_rate': 0.002735937344002146, 'weight_decay': 1.356433327634438e-12, 'proc.embed_min_categories': 4, 'proc.impute_strategy': 'median', 'proc.max_category_levels': 100, 'proc.skew_threshold': 0.99, 'use_ngram_features': False, 'num_layers': 4, 'hidden_size': 108, 'max_batch_size': 512, 'use_batchnorm': True, 'loss_function': 'auto', 'seed_value': 0}","{'batch_size': 128, 'num_epochs': 7}","{'max_memory_usage_ratio': 1.0, 'max_time_limit_ratio': 1.0, 'max_time_limit': None, 'min_time_limit': 0, 'valid_raw_types': ['bool', 'int', 'float', 'category'], 'valid_special_types': None, 'ignored_type_group_special': ['text_ngram', 'text_as_category'], 'ignored_type_group_raw': None, 'get_features_kwargs': None, 'get_features_kwargs_extra': None, 'predict_1_batch_size': None, 'temperature_scalar': None}",[],"['WeightedEnsemble_L3', 'ExtraTreesGini_BAG_L2', 'RandomForestGini_BAG_L2', 'LightGBMXT_BAG_L2', 'WeightedEnsemble_L2', 'LightGBM_BAG_L2', 'CatBoost_BAG_L2', 'XGBoost_BAG_L2', 'LightGBMLarge_BAG_L2', 'LightGBM_r131_BAG_L2', 'NeuralNetTorch_BAG_L2', 'CatBoost_r177_BAG_L2', 'NeuralNetTorch_r79_BAG_L2', 'NeuralNetFastAI_BAG_L2', 'ExtraTreesEntr_BAG_L2', 'RandomForestEntr_BAG_L2', 'NeuralNetFastAI_r191_BAG_L2']"
RandomForestGini_BAG_L1,0.5051396809845418,0.7085562913907285,0.5257161299688349,0.6061841393227373,0.5257161299688349,0.7600080258925513,0.5083483991726083,f1_macro,0.483654260635376,2.1223340034484863,4.221983432769775,0.483654260635376,2.1223340034484863,4.221983432769775,1,True,4,29,1,1,792084501,792084501,792084501,792084501,0,16,StackerEnsembleModel,RFModel,f1_macro,"{'use_orig_features': True, 'valid_stacker': True, 'max_base_models': 0, 'max_base_models_per_type': 'auto', 'save_bag_folds': True, 'stratify': 'auto', 'bin': 'auto', 'n_bins': None, 'vary_seed_across_folds': False, 'use_child_oof': True, 'model_random_seed': 0}",{},"{'max_memory_usage_ratio': 1.0, 'max_time_limit_ratio': 1.0, 'max_time_limit': None, 'min_time_limit': 0, 'valid_raw_types': None, 'valid_special_types': None, 'ignored_type_group_special': None, 'ignored_type_group_raw': None, 'get_features_kwargs': None, 'get_features_kwargs_extra': None, 'predict_1_batch_size': None, 'temperature_scalar': None, 'drop_unique': False}","['admission_type_id', 'max_glu_serum', 'diag_2_category', 'med_per_day', 'change', 'number_inpatient', 'number_emergency', 'diag_3_category', 'num_medications', 'discharge_disposition_id', 'num_steady_meds', 'num_active_meds', 'number_diagnoses', 'number_outpatient', 'inpatient_plus_time', 'admission_source_id', 'race', 'diabetesMed', 'medical_specialty', 'total_visits', 'num_lab_procedures', 'insulin', 'num_prior_encounters', 'age', 'A1Cresult', 'gender', 'time_in_hospital', 'num_procedures', 'diag_1_category']",,"{'n_estimators': 300, 'max_leaf_nodes': 15000, 'n_jobs': -1, 'bootstrap': True, 'criterion': 'gini', 'random_state': 0}",{'n_estimators': 300},"{'max_memory_usage_ratio': 1.0, 'max_time_limit_ratio': 1.0, 'max_time_limit': None, 'min_time_limit': 0, 'valid_raw_types': ['bool', 'int', 'float', 'category'], 'valid_special_types': None, 'ignored_type_group_special': None, 'ignored_type_group_raw': None, 'get_features_kwargs': None, 'get_features_kwargs_extra': None, 'predict_1_batch_size': None, 'temperature_scalar': None}",[],"['WeightedEnsemble_L3', 'ExtraTreesGini_BAG_L2', 'RandomForestGini_BAG_L2', 'LightGBMXT_BAG_L2', 'CatBoost_BAG_L2', 'LightGBM_BAG_L2', 'XGBoost_BAG_L2', 'LightGBMLarge_BAG_L2', 'LightGBM_r131_BAG_L2', 'NeuralNetTorch_BAG_L2', 'CatBoost_r177_BAG_L2', 'NeuralNetTorch_r79_BAG_L2', 'NeuralNetFastAI_BAG_L2', 'ExtraTreesEntr_BAG_L2', 'RandomForestEntr_BAG_L2', 'NeuralNetFastAI_r191_BAG_L2']"
RandomForestEntr_BAG_L1,0.5043725608992419,0.7090860927152318,0.5251981248571812,0.6304838756791483,0.5251981248571812,0.7607180290382342,0.5061961097653803,f1_macro,0.5011520385742188,2.3097116947174072,5.008181095123291,0.5011520385742188,2.3097116947174072,5.008181095123291,1,True,5,29,1,1,792084509,792084509,792084509,792084509,0,16,StackerEnsembleModel,RFModel,f1_macro,"{'use_orig_features': True, 'valid_stacker': True, 'max_base_models': 0, 'max_base_models_per_type': 'auto', 'save_bag_folds': True, 'stratify': 'auto', 'bin': 'auto', 'n_bins': None, 'vary_seed_across_folds': False, 'use_child_oof': True, 'model_random_seed': 0}",{},"{'max_memory_usage_ratio': 1.0, 'max_time_limit_ratio': 1.0, 'max_time_limit': None, 'min_time_limit': 0, 'valid_raw_types': None, 'valid_special_types': None, 'ignored_type_group_special': None, 'ignored_type_group_raw': None, 'get_features_kwargs': None, 'get_features_kwargs_extra': None, 'predict_1_batch_size': None, 'temperature_scalar': None, 'drop_unique': False}","['admission_type_id', 'max_glu_serum', 'diag_2_category', 'med_per_day', 'change', 'number_inpatient', 'number_emergency', 'diag_3_category', 'num_medications', 'discharge_disposition_id', 'num_steady_meds', 'num_active_meds', 'number_diagnoses', 'number_outpatient', 'inpatient_plus_time', 'admission_source_id', 'race', 'diabetesMed', 'medical_specialty', 'total_visits', 'num_lab_procedures', 'insulin', 'num_prior_encounters', 'age', 'A1Cresult', 'gender', 'time_in_hospital', 'num_procedures', 'diag_1_category']",,"{'n_estimators': 300, 'max_leaf_nodes': 15000, 'n_jobs': -1, 'bootstrap': True, 'criterion': 'entropy', 'random_state': 0}",{'n_estimators': 300},"{'max_memory_usage_ratio': 1.0, 'max_time_limit_ratio': 1.0, 'max_time_limit': None, 'min_time_limit': 0, 'valid_raw_types': ['bool', 'int', 'float', 'category'], 'valid_special_types': None, 'ignored_type_group_special': None, 'ignored_type_group_raw': None, 'get_features_kwargs': None, 'get_features_kwargs_extra': None, 'predict_1_batch_size': None, 'temperature_scalar': None}",[],"['WeightedEnsemble_L3', 'ExtraTreesGini_BAG_L2', 'RandomForestGini_BAG_L2', 'LightGBMXT_BAG_L2', 'CatBoost_BAG_L2', 'LightGBM_BAG_L2', 'XGBoost_BAG_L2', 'LightGBMLarge_BAG_L2', 'LightGBM_r131_BAG_L2', 'NeuralNetTorch_BAG_L2', 'CatBoost_r177_BAG_L2', 'NeuralNetTorch_r79_BAG_L2', 'NeuralNetFastAI_BAG_L2', 'ExtraTreesEntr_BAG_L2', 'RandomForestEntr_BAG_L2', 'NeuralNetFastAI_r191_BAG_L2']"
ExtraTreesGini_BAG_L1,0.5034254487829029,0.6982251655629139,0.5223252376458055,0.6124459278304926,0.5223252376458055,0.7549594624023159,0.5040135205411768,f1_macro,0.5092182159423828,2.052060842514038,2.5978598594665527,0.5092182159423828,2.052060842514038,2.5978598594665527,1,True,7,29,1,1,792084491,792084491,792084491,792084491,0,16,StackerEnsembleModel,XTModel,f1_macro,"{'use_orig_features': True, 'valid_stacker': True, 'max_base_models': 0, 'max_base_models_per_type': 'auto', 'save_bag_folds': True, 'stratify': 'auto', 'bin': 'auto', 'n_bins': None, 'vary_seed_across_folds': False, 'use_child_oof': True, 'model_random_seed': 0}",{},"{'max_memory_usage_ratio': 1.0, 'max_time_limit_ratio': 1.0, 'max_time_limit': None, 'min_time_limit': 0, 'valid_raw_types': None, 'valid_special_types': None, 'ignored_type_group_special': None, 'ignored_type_group_raw': None, 'get_features_kwargs': None, 'get_features_kwargs_extra': None, 'predict_1_batch_size': None, 'temperature_scalar': None, 'drop_unique': False}","['admission_type_id', 'max_glu_serum', 'diag_2_category', 'med_per_day', 'change', 'number_inpatient', 'number_emergency', 'diag_3_category', 'num_medications', 'discharge_disposition_id', 'num_steady_meds', 'num_active_meds', 'number_diagnoses', 'number_outpatient', 'inpatient_plus_time', 'admission_source_id', 'race', 'diabetesMed', 'medical_specialty', 'total_visits', 'num_lab_procedures', 'insulin', 'num_prior_encounters', 'age', 'A1Cresult', 'gender', 'time_in_hospital', 'num_procedures', 'diag_1_category']",,"{'n_estimators': 300, 'max_leaf_nodes': 15000, 'n_jobs': -1, 'bootstrap': True, 'criterion': 'gini', 'random_state': 0}",{'n_estimators': 300},"{'max_memory_usage_ratio': 1.0, 'max_time_limit_ratio': 1.0, 'max_time_limit': None, 'min_time_limit': 0, 'valid_raw_types': ['bool', 'int', 'float', 'category'], 'valid_special_types': None, 'ignored_type_group_special': None, 'ignored_type_group_raw': None, 'get_features_kwargs': None, 'get_features_kwargs_extra': None, 'predict_1_batch_size': None, 'temperature_scalar': None}",[],"['WeightedEnsemble_L3', 'ExtraTreesGini_BAG_L2', 'RandomForestGini_BAG_L2', 'LightGBMXT_BAG_L2', 'CatBoost_BAG_L2', 'LightGBM_BAG_L2', 'XGBoost_BAG_L2', 'LightGBMLarge_BAG_L2', 'LightGBM_r131_BAG_L2', 'NeuralNetTorch_BAG_L2', 'CatBoost_r177_BAG_L2', 'NeuralNetTorch_r79_BAG_L2', 'NeuralNetFastAI_BAG_L2', 'ExtraTreesEntr_BAG_L2', 'RandomForestEntr_BAG_L2', 'NeuralNetFastAI_r191_BAG_L2']"
ExtraTreesEntr_BAG_L1,0.5009922428994685,0.7004503311258278,0.5226468614647538,0.6363894160400136,0.5226468614647538,0.7551237302614492,0.4999889908682979,f1_macro,0.49243879318237305,2.1763229370117188,3.3025741577148438,0.49243879318237305,2.1763229370117188,3.3025741577148438,1,True,8,29,1,1,792084499,792084499,792084499,792084499,0,16,StackerEnsembleModel,XTModel,f1_macro,"{'use_orig_features': True, 'valid_stacker': True, 'max_base_models': 0, 'max_base_models_per_type': 'auto', 'save_bag_folds': True, 'stratify': 'auto', 'bin': 'auto', 'n_bins': None, 'vary_seed_across_folds': False, 'use_child_oof': True, 'model_random_seed': 0}",{},"{'max_memory_usage_ratio': 1.0, 'max_time_limit_ratio': 1.0, 'max_time_limit': None, 'min_time_limit': 0, 'valid_raw_types': None, 'valid_special_types': None, 'ignored_type_group_special': None, 'ignored_type_group_raw': None, 'get_features_kwargs': None, 'get_features_kwargs_extra': None, 'predict_1_batch_size': None, 'temperature_scalar': None, 'drop_unique': False}","['admission_type_id', 'max_glu_serum', 'diag_2_category', 'med_per_day', 'change', 'number_inpatient', 'number_emergency', 'diag_3_category', 'num_medications', 'discharge_disposition_id', 'num_steady_meds', 'num_active_meds', 'number_diagnoses', 'number_outpatient', 'inpatient_plus_time', 'admission_source_id', 'race', 'diabetesMed', 'medical_specialty', 'total_visits', 'num_lab_procedures', 'insulin', 'num_prior_encounters', 'age', 'A1Cresult', 'gender', 'time_in_hospital', 'num_procedures', 'diag_1_category']",,"{'n_estimators': 300, 'max_leaf_nodes': 15000, 'n_jobs': -1, 'bootstrap': True, 'criterion': 'entropy', 'random_state': 0}",{'n_estimators': 300},"{'max_memory_usage_ratio': 1.0, 'max_time_limit_ratio': 1.0, 'max_time_limit': None, 'min_time_limit': 0, 'valid_raw_types': ['bool', 'int', 'float', 'category'], 'valid_special_types': None, 'ignored_type_group_special': None, 'ignored_type_group_raw': None, 'get_features_kwargs': None, 'get_features_kwargs_extra': None, 'predict_1_batch_size': None, 'temperature_scalar': None}",[],"['WeightedEnsemble_L3', 'ExtraTreesGini_BAG_L2', 'RandomForestGini_BAG_L2', 'LightGBMXT_BAG_L2', 'CatBoost_BAG_L2', 'LightGBM_BAG_L2', 'XGBoost_BAG_L2', 'LightGBMLarge_BAG_L2', 'LightGBM_r131_BAG_L2', 'NeuralNetTorch_BAG_L2', 'CatBoost_r177_BAG_L2', 'NeuralNetTorch_r79_BAG_L2', 'NeuralNetFastAI_BAG_L2', 'ExtraTreesEntr_BAG_L2', 'RandomForestEntr_BAG_L2', 'NeuralNetFastAI_r191_BAG_L2']"
